product,timestamp,month,split,model,n_events,allocation_overlap,priority_overlap,js_distance,priority_js_distance,ndcg_all,recipient_average_precision,recipient_recall_at_observed_k,dispatch_fraction,panel_ambiguity,n_candidates,n_observed_recipients,observed_quantity
n95,2020-04-01,2020-04-01,calibration,ACM-4 (coupled),3,0.0,0.002118839857954211,1.0,0.9945850701165774,0.14474482007798437,0.0030955520973044268,0.0,1.0,0.30730955021522344,2136,4,405.0
n95,2020-05-01,2020-05-01,calibration,ACM-4 (coupled),54,0.0,0.031572593381490814,1.0,0.963971205527168,0.19558508300334745,0.034099927271755676,0.02631578947368421,1.0,0.32378178263704255,2446,76,25122.0
n95,2020-06-01,2020-06-01,calibration,ACM-4 (coupled),11,0.0,0.005033947569915113,0.9999999999999999,0.9905986279462142,0.1271685692017727,0.004419096448372,0.0,1.0,0.31759398555409746,2546,19,1905.0
n95,2020-07-01,2020-07-01,validation,ACM-4 (coupled),3,0.0,0.0046623517538202115,0.9999999999999999,0.9904014853799968,0.15150599432064962,0.004978378683979047,0.0,1.0,0.2926014835549297,2492,10,2680.0
n95,2020-08-01,2020-08-01,validation,ACM-4 (coupled),1,0.0,0.0005005428757540568,1.0,0.9984461996034871,0.10838449216279149,0.0016722408026755853,0.0,1.0,0.1787497240185812,696,1,40.0
n95,2020-09-01,2020-09-01,validation,ACM-4 (coupled),2,0.0,0.005982814465255596,1.0,0.9870186863702946,0.16493294646107898,0.012566137566137565,0.0,1.0,0.2671139734530048,168,2,300.0
n95,2021-01-01,2021-01-01,test,ACM-4 (coupled),3,0.0,0.009937034755168443,1.0,0.9798775830490585,0.22132522527700207,0.02378567370957021,0.0,1.0,0.22615290607760555,96,3,720.0
n95,2021-02-01,2021-02-01,test,ACM-4 (coupled),1,0.0,0.004366796136494822,1.0,0.9898116188217935,0.14804095548293264,0.009345794392523364,0.0,1.0,0.20175336052283388,148,1,1000.0
n95,2021-03-01,2021-03-01,test,ACM-4 (coupled),3,0.0,0.01923055359071592,1.0,0.9764901610115797,0.15309564459133024,0.03634278302276892,0.0,1.0,0.21695698213426112,203,3,5460.0
n95,2021-04-01,2021-04-01,test,ACM-4 (coupled),1,0.0,0.008078805988871297,1.0,0.9828877921809998,0.1905514124267734,0.02702702702702703,0.0,1.0,0.2090992800613063,158,1,500.0
n95,2021-05-01,2021-05-01,test,ACM-4 (coupled),2,0.0,0.007856383638808605,1.0,0.9867502872742331,0.1476243132592207,0.013084975369458128,0.0,1.0,0.1904103414318329,161,2,1121.0
surgical_mask,2020-04-01,2020-04-01,calibration,ACM-4 (coupled),12,0.0,0.020054344388164023,0.9999999999999999,0.9721305374120265,0.19215009975120903,0.019833263757728765,0.04,1.0,0.35197793298544156,1691,25,15680.0
surgical_mask,2020-05-01,2020-05-01,calibration,ACM-4 (coupled),4,0.0,0.0030220917585770052,0.9999999999999999,0.9931290066703011,0.1360613040255655,0.003496464449777608,0.0,1.0,0.35013443558957125,1916,6,2120.0
surgical_mask,2020-06-01,2020-06-01,calibration,ACM-4 (coupled),20,0.0,0.012921446105546235,1.0,0.9838210772278979,0.13687662081643,0.012625356377968713,0.0,1.0,0.329600077545918,2053,29,36740.0
surgical_mask,2020-07-01,2020-07-01,validation,ACM-4 (coupled),4,0.0,0.00240821701711186,1.0,0.9943002263344892,0.1336251635657339,0.002596968191153479,0.0,1.0,0.315565944731044,2038,6,2465.0
surgical_mask,2020-08-01,2020-08-01,validation,ACM-4 (coupled),1,0.0,0.0006570521209352233,1.0,0.9980244490765128,0.11329456824939788,0.002207505518763797,0.0,1.0,0.2153704939683329,513,1,50.0
surgical_mask,2020-10-01,2020-10-01,validation,ACM-4 (coupled),1,0.0,0.011194493181629779,1.0,0.9775498551707458,0.1854490234153689,0.024390243902439025,0.0,1.0,0.2520309734957411,65,1,500.0
surgical_mask,2020-12-01,2020-12-01,validation,ACM-4 (coupled),2,0.0,0.04140452511938445,0.9999999999999999,0.9361175896811063,0.31324085325204243,0.08630952380952381,0.0,1.0,0.18724631804456948,44,2,7000.0
surgical_mask,2021-02-01,2021-02-01,test,ACM-4 (coupled),2,0.1,0.03607023681125016,0.8749298275892526,0.9528959783606203,0.2720933892926819,0.29545454545454547,0.5,1.0,0.20150292106347692,113,2,5000.0
surgical_mask,2021-03-01,2021-03-01,test,ACM-4 (coupled),9,0.045934772622875514,0.06377510413204474,0.9472951960124909,0.9241636678030388,0.3056221965483581,0.18440682367005004,0.1111111111111111,1.0,0.20843509004614152,170,9,43540.0
surgical_mask,2021-05-01,2021-05-01,test,ACM-4 (coupled),2,0.0,0.016976196512481678,1.0,0.9686723805790507,0.2539273165154459,0.048372513562386976,0.0,1.0,0.2405061941620752,148,2,6000.0
surgical_mask,2021-06-01,2021-06-01,test,ACM-4 (coupled),4,0.0,0.03309843245487953,1.0,0.9472159721471543,0.23608882552132932,0.03766524707144035,0.0,1.0,0.17747729633164122,98,4,13000.0
surgical_mask,2021-07-01,2021-07-01,test,ACM-4 (coupled),2,0.0,0.03712528616345191,1.0,0.9481623015154872,0.3154163349391989,0.26785714285714285,0.5,1.0,0.1976448672898916,79,2,4000.0
face_shield,2020-04-01,2020-04-01,calibration,ACM-4 (coupled),2,0.0,0.0015534685958944311,1.0,0.9958321821344632,0.12971942088322222,0.0029162097396531416,0.0,1.0,0.4172979644956005,1467,2,490.0
face_shield,2020-05-01,2020-05-01,calibration,ACM-4 (coupled),12,0.00838902317645386,0.02571653133391458,0.9917866910373075,0.9610355856429107,0.2460929303449945,0.025228768119153838,0.0,1.0,0.35877186974813524,1993,54,70330.0
face_shield,2020-06-01,2020-06-01,calibration,ACM-4 (coupled),38,0.0,0.026738600184242615,1.0,0.9651355768624592,0.25453719571104155,0.02362813134372709,0.0,1.0,0.3182228173410724,2073,86,61675.0
face_shield,2020-07-01,2020-07-01,validation,ACM-4 (coupled),9,0.0,0.0046574760575846304,1.0,0.9905287242363602,0.15044003166122927,0.004682360772526683,0.0,1.0,0.3257111159506974,2104,14,610.0
face_shield,2020-09-01,2020-09-01,validation,ACM-4 (coupled),3,0.0,0.007302285530906479,1.0,0.9873819782712894,0.13913683936415985,0.009276150360002233,0.0,1.0,0.3065910180563436,344,3,1320.0
face_shield,2021-03-01,2021-03-01,test,ACM-4 (coupled),2,0.0,0.020573581212387393,1.0,0.9641501009314498,0.1991784440337931,0.03202581926514399,0.0,1.0,0.19456102842966677,95,2,350.0
face_shield,2021-04-01,2021-04-01,test,ACM-4 (coupled),5,0.0,0.05002470328846095,0.9999999999999999,0.9270977246598375,0.3332230485365152,0.11218850723523621,0.0,1.0,0.1990068202503935,123,5,1100.0
gown,2020-05-01,2020-05-01,calibration,ACM-4 (coupled),7,0.0,0.005810324201445876,1.0,0.9889618679730845,0.14685001590863542,0.007155556724878048,0.0,1.0,0.38804393431103024,1966,12,8450.0
gown,2020-06-01,2020-06-01,calibration,ACM-4 (coupled),3,0.0,0.00044811073688665027,0.9999999999999999,0.9986719137935096,0.10525211682660678,0.0012691655465061353,0.0,1.0,0.3057535526058336,1972,4,350.0
gown,2020-08-01,2020-08-01,validation,ACM-4 (coupled),1,0.0,0.0011466767472618242,1.0,0.9967807269594436,0.1218107900078664,0.003389830508474576,0.0,1.0,0.294160528204104,338,1,200.0
gown,2020-11-01,2020-11-01,validation,ACM-4 (coupled),3,0.5485436893203883,0.11536164180987303,0.5789079735741489,0.859863774351231,0.43383340305865137,0.38095238095238093,0.3333333333333333,1.0,0.2526562918410385,21,3,10300.0
gown,2021-01-01,2021-01-01,test,ACM-4 (coupled),11,0.0,0.1146484571740962,0.9999999999999999,0.8701962108524703,0.3524027847054186,0.15896211146334766,0.0,1.0,0.23794810155165153,100,11,30840.0
gown,2021-02-01,2021-02-01,test,ACM-4 (coupled),6,0.0,0.03399324399421867,1.0,0.947578382532833,0.24828028647764844,0.04255239300697252,0.0,1.0,0.19137450675388298,106,6,598.0
gown,2021-03-01,2021-03-01,test,ACM-4 (coupled),3,0.0,0.009903951818213182,1.0,0.9802193877628005,0.1780595616553902,0.017860042450040015,0.0,1.0,0.16797354294320052,130,3,814.0
gown,2021-04-01,2021-04-01,test,ACM-4 (coupled),5,0.0,0.03319072359909383,1.0,0.952597698013523,0.2273256092132958,0.046561029318972325,0.0,1.0,0.1762461703661981,157,5,2330.0
gown,2021-05-01,2021-05-01,test,ACM-4 (coupled),2,0.0,0.007832488790563186,1.0,0.9834368812835976,0.1727481883988237,0.017485955056179774,0.0,1.0,0.1820020432573107,93,2,1200.0
gown,2021-06-01,2021-06-01,test,ACM-4 (coupled),5,0.0,0.06736068892019184,1.0,0.9215404990194822,0.23461559134242757,0.09055862977602108,0.0,1.0,0.1732605272141871,58,5,4560.0
n95,2020-04-01,2020-04-01,calibration,ACM-4 (independent),3,0.0,0.0021190535698555296,1.0,0.994584625960366,0.14474482007798437,0.0030955520973044268,0.0,1.0,0.30730955021522344,2136,4,405.0
n95,2020-05-01,2020-05-01,calibration,ACM-4 (independent),54,0.0,0.031572852159360495,1.0,0.9639717528077131,0.1955963173937231,0.03410113148336989,0.02631578947368421,1.0,0.32378178263704255,2446,76,25122.0
n95,2020-06-01,2020-06-01,calibration,ACM-4 (independent),11,0.0,0.005034289973769019,0.9999999999999999,0.9905983096784604,0.12716815198295953,0.004418955886036381,0.0,1.0,0.31759398555409746,2546,19,1905.0
n95,2020-07-01,2020-07-01,validation,ACM-4 (independent),3,0.0,0.004662833303469727,0.9999999999999999,0.9904007990454934,0.15149819093179653,0.004978183976517274,0.0,1.0,0.2926014835549297,2492,10,2680.0
n95,2020-08-01,2020-08-01,validation,ACM-4 (independent),1,0.0,0.0005008701969908328,1.0,0.9984453009808901,0.10838449216279149,0.0016722408026755853,0.0,1.0,0.1787497240185812,696,1,40.0
n95,2020-09-01,2020-09-01,validation,ACM-4 (independent),2,0.0,0.005986814448986317,1.0,0.9870112050455201,0.16493294646107898,0.012566137566137565,0.0,1.0,0.2671139734530048,168,2,300.0
n95,2021-01-01,2021-01-01,test,ACM-4 (independent),3,0.0,0.009953999080053975,1.0,0.9798481975757769,0.22132522527700207,0.02378567370957021,0.0,1.0,0.22615290607760555,96,3,720.0
n95,2021-02-01,2021-02-01,test,ACM-4 (independent),1,0.0,0.004367220806565336,1.0,0.9898107773185334,0.14804095548293264,0.009345794392523364,0.0,1.0,0.20175336052283388,148,1,1000.0
n95,2021-03-01,2021-03-01,test,ACM-4 (independent),3,0.0,0.019232339260101136,1.0,0.9764870815302813,0.15309564459133024,0.03634278302276892,0.0,1.0,0.21695698213426112,203,3,5460.0
n95,2021-04-01,2021-04-01,test,ACM-4 (independent),1,0.0,0.008076005249784274,1.0,0.982892752791458,0.18920035951687003,0.02631578947368421,0.0,1.0,0.2090992800613063,158,1,500.0
n95,2021-05-01,2021-05-01,test,ACM-4 (independent),2,0.0,0.007861742470740042,1.0,0.986741735112522,0.1476243132592207,0.013084975369458128,0.0,1.0,0.1904103414318329,161,2,1121.0
surgical_mask,2020-04-01,2020-04-01,calibration,ACM-4 (independent),12,0.0,0.020035376459084445,0.9999999999999999,0.9721474902211656,0.19214582319309226,0.019834094107529288,0.04,1.0,0.35197793298544156,1691,25,15680.0
surgical_mask,2020-05-01,2020-05-01,calibration,ACM-4 (independent),4,0.0,0.0030218511090608895,0.9999999999999999,0.9931297416761518,0.1360506565719852,0.003496040297890514,0.0,1.0,0.35013443558957125,1916,6,2120.0
surgical_mask,2020-06-01,2020-06-01,calibration,ACM-4 (independent),20,0.0,0.012921858608541368,1.0,0.9838208882906907,0.1368752019434337,0.012623325721694213,0.0,1.0,0.329600077545918,2053,29,36740.0
surgical_mask,2020-07-01,2020-07-01,validation,ACM-4 (independent),4,0.0,0.0024084600979492788,1.0,0.9942998950468049,0.13361547686408637,0.0025967399338070168,0.0,1.0,0.315565944731044,2038,6,2465.0
surgical_mask,2020-08-01,2020-08-01,validation,ACM-4 (independent),1,0.0,0.0006575460911335165,1.0,0.9980231409144535,0.11329456824939788,0.002207505518763797,0.0,1.0,0.2153704939683329,513,1,50.0
surgical_mask,2020-10-01,2020-10-01,validation,ACM-4 (independent),1,0.0,0.011196398196847004,1.0,0.9775466898806434,0.1854490234153689,0.024390243902439025,0.0,1.0,0.2520309734957411,65,1,500.0
surgical_mask,2020-12-01,2020-12-01,validation,ACM-4 (independent),2,0.0,0.04136450786328751,0.9999999999999999,0.9361631305520252,0.31324085325204243,0.08630952380952381,0.0,1.0,0.18724631804456948,44,2,7000.0
surgical_mask,2021-02-01,2021-02-01,test,ACM-4 (independent),2,0.1,0.036060970634456554,0.8749298275892526,0.9529024951919597,0.2720933892926819,0.29545454545454547,0.5,1.0,0.20150292106347692,113,2,5000.0
surgical_mask,2021-03-01,2021-03-01,test,ACM-4 (independent),9,0.045934772622875514,0.06376646853796725,0.9472951960124909,0.9241660851204135,0.3056221965483581,0.18440682367005004,0.1111111111111111,1.0,0.20843509004614152,170,9,43540.0
surgical_mask,2021-05-01,2021-05-01,test,ACM-4 (independent),2,0.0,0.016979467363404645,1.0,0.968667633673531,0.2539273165154459,0.048372513562386976,0.0,1.0,0.2405061941620752,148,2,6000.0
surgical_mask,2021-06-01,2021-06-01,test,ACM-4 (independent),4,0.0,0.03310402398941041,1.0,0.9472085377632466,0.23608882552132932,0.03766524707144035,0.0,1.0,0.17747729633164122,98,4,13000.0
surgical_mask,2021-07-01,2021-07-01,test,ACM-4 (independent),2,0.0,0.037100445707072126,1.0,0.9481810538606349,0.3154163349391989,0.26785714285714285,0.5,1.0,0.1976448672898916,79,2,4000.0
face_shield,2020-04-01,2020-04-01,calibration,ACM-4 (independent),2,0.0,0.00155366611362501,1.0,0.9958317655063745,0.12971942088322222,0.0029162097396531416,0.0,1.0,0.4172979644956005,1467,2,490.0
face_shield,2020-05-01,2020-05-01,calibration,ACM-4 (independent),12,0.00838902317645386,0.025717667927341117,0.9917866910373075,0.9610340717664384,0.24612007760988588,0.025231115061485673,0.0,1.0,0.35877186974813524,1993,54,70330.0
face_shield,2020-06-01,2020-06-01,calibration,ACM-4 (independent),38,0.0,0.026740244942625814,1.0,0.9651345584304303,0.2545502876480536,0.023629525970342548,0.0,1.0,0.3182228173410724,2073,86,61675.0
face_shield,2020-07-01,2020-07-01,validation,ACM-4 (independent),9,0.0,0.004657973069252563,1.0,0.9905279210003025,0.15044038437828017,0.0046836304265710305,0.0,1.0,0.3257111159506974,2104,14,610.0
face_shield,2020-09-01,2020-09-01,validation,ACM-4 (independent),3,0.0,0.007303583253967599,1.0,0.9873807858619722,0.13913683936415985,0.009276150360002233,0.0,1.0,0.3065910180563436,344,3,1320.0
face_shield,2021-03-01,2021-03-01,test,ACM-4 (independent),2,0.0,0.020575114425871316,1.0,0.9641476876068711,0.1991784440337931,0.03202581926514399,0.0,1.0,0.19456102842966677,95,2,350.0
face_shield,2021-04-01,2021-04-01,test,ACM-4 (independent),5,0.0,0.050009898312744244,0.9999999999999999,0.927111291081611,0.3332230485365152,0.11218850723523621,0.0,1.0,0.1990068202503935,123,5,1100.0
gown,2020-05-01,2020-05-01,calibration,ACM-4 (independent),7,0.0,0.005810189563263202,1.0,0.988961861470128,0.1468509945476022,0.007155773163725993,0.0,1.0,0.38804393431103024,1966,12,8450.0
gown,2020-06-01,2020-06-01,calibration,ACM-4 (independent),3,0.0,0.0004482868291974493,0.9999999999999999,0.9986714779842292,0.10525211682660678,0.0012691655465061353,0.0,1.0,0.3057535526058336,1972,4,350.0
gown,2020-08-01,2020-08-01,validation,ACM-4 (independent),1,0.0,0.0011471411333749625,1.0,0.996779589068857,0.1218107900078664,0.003389830508474576,0.0,1.0,0.294160528204104,338,1,200.0
gown,2020-11-01,2020-11-01,validation,ACM-4 (independent),3,0.5485436893203883,0.11525024190129424,0.5789079735741489,0.8599936749467754,0.43383340305865137,0.38095238095238093,0.3333333333333333,1.0,0.2526562918410385,21,3,10300.0
gown,2021-01-01,2021-01-01,test,ACM-4 (independent),11,0.0,0.11463658845788155,0.9999999999999999,0.8701935444440598,0.3524027847054186,0.15896211146334766,0.0,1.0,0.23794810155165153,100,11,30840.0
gown,2021-02-01,2021-02-01,test,ACM-4 (independent),6,0.0,0.03399944215172127,1.0,0.9475646899627703,0.24828028647764844,0.04255239300697252,0.0,1.0,0.19137450675388298,106,6,598.0
gown,2021-03-01,2021-03-01,test,ACM-4 (independent),3,0.0,0.009914575810430063,1.0,0.9802021785388136,0.1780595616553902,0.017860042450040015,0.0,1.0,0.16797354294320052,130,3,814.0
gown,2021-04-01,2021-04-01,test,ACM-4 (independent),5,0.0,0.03319576666434613,1.0,0.95258858951119,0.2273256092132958,0.046561029318972325,0.0,1.0,0.1762461703661981,157,5,2330.0
gown,2021-05-01,2021-05-01,test,ACM-4 (independent),2,0.0,0.007840995748479301,1.0,0.98342170745784,0.1727481883988237,0.017485955056179774,0.0,1.0,0.1820020432573107,93,2,1200.0
gown,2021-06-01,2021-06-01,test,ACM-4 (independent),5,0.0,0.06738564870936598,1.0,0.9215188027137802,0.23461559134242757,0.09055862977602108,0.0,1.0,0.1732605272141871,58,5,4560.0
n95,2020-04-01,2020-04-01,calibration,ACM-3,3,0.0,0.002112437274164367,1.0,0.9945992064394777,0.14577085106828766,0.0031500024011187648,0.0,1.0,0.30730955021522344,2136,4,405.0
n95,2020-05-01,2020-05-01,calibration,ACM-3,54,0.0,0.03151500129248436,1.0,0.9640125500541443,0.19665385303667385,0.03410620791966758,0.02631578947368421,1.0,0.32378178263704255,2446,76,25122.0
n95,2020-06-01,2020-06-01,calibration,ACM-3,11,0.0,0.005108536869682015,0.9999999999999999,0.9905168250807814,0.12713693326710715,0.004454214388434055,0.0,1.0,0.31759398555409746,2546,19,1905.0
n95,2020-07-01,2020-07-01,validation,ACM-3,3,0.0,0.004528105714919453,0.9999999999999999,0.9907342426051742,0.15084862198445842,0.0050712591757395625,0.0,1.0,0.2926014835549297,2492,10,2680.0
n95,2020-08-01,2020-08-01,validation,ACM-3,1,0.0,0.0005105194129668579,1.0,0.9984188442955243,0.10858407771867859,0.001692047377326565,0.0,1.0,0.1787497240185812,696,1,40.0
n95,2020-09-01,2020-09-01,validation,ACM-3,2,0.0,0.00600933289776517,1.0,0.9869678860433483,0.16497968135805582,0.012590996880106967,0.0,1.0,0.2671139734530048,168,2,300.0
n95,2021-01-01,2021-01-01,test,ACM-3,3,0.0,0.010134503183713322,1.0,0.9795595658314418,0.2219836938499395,0.024036399466759402,0.0,1.0,0.22615290607760555,96,3,720.0
n95,2021-02-01,2021-02-01,test,ACM-3,1,0.0,0.004215383708454661,1.0,0.9901125699053944,0.14662371845531105,0.008928571428571428,0.0,1.0,0.20175336052283388,148,1,1000.0
n95,2021-03-01,2021-03-01,test,ACM-3,3,0.0,0.019133880172546164,1.0,0.9764613529354568,0.1528782502213485,0.03628126727473742,0.0,1.0,0.21695698213426112,203,3,5460.0
n95,2021-04-01,2021-04-01,test,ACM-3,1,0.0,0.008239111073051248,1.0,0.9826044068354135,0.19342640361727081,0.02857142857142857,0.0,1.0,0.2090992800613063,158,1,500.0
n95,2021-05-01,2021-05-01,test,ACM-3,2,0.0,0.007892020672497436,1.0,0.9866407260566348,0.1478923448711953,0.013051513051513051,0.0,1.0,0.1904103414318329,161,2,1121.0
surgical_mask,2020-04-01,2020-04-01,calibration,ACM-3,12,0.0,0.019865986505947196,0.9999999999999999,0.9723202590398018,0.19290424144112484,0.019839447014149414,0.04,1.0,0.35197793298544156,1691,25,15680.0
surgical_mask,2020-05-01,2020-05-01,calibration,ACM-3,4,0.0,0.003012558895995169,0.9999999999999999,0.9931522861313261,0.13598898428512032,0.003500770296759877,0.0,1.0,0.35013443558957125,1916,6,2120.0
surgical_mask,2020-06-01,2020-06-01,calibration,ACM-3,20,0.0,0.012881415405162182,1.0,0.9838491691432485,0.13787104450819246,0.012579098279758226,0.0,1.0,0.329600077545918,2053,29,36740.0
surgical_mask,2020-07-01,2020-07-01,validation,ACM-3,4,0.0,0.0024234335109139995,1.0,0.994268540843489,0.13402602852223214,0.0026182806617875616,0.0,1.0,0.315565944731044,2038,6,2465.0
surgical_mask,2020-08-01,2020-08-01,validation,ACM-3,1,0.0,0.0006689147442391559,1.0,0.9979930701132257,0.11337638434109218,0.0022172949002217295,0.0,1.0,0.2153704939683329,513,1,50.0
surgical_mask,2020-10-01,2020-10-01,validation,ACM-3,1,0.0,0.01133377394836616,1.0,0.977318715884423,0.18665241123894338,0.025,0.0,1.0,0.2520309734957411,65,1,500.0
surgical_mask,2020-12-01,2020-12-01,validation,ACM-3,2,0.0,0.04258400878955287,0.9999999999999999,0.9346805113764725,0.32940913481585826,0.09523809523809523,0.0,1.0,0.18724631804456948,44,2,7000.0
surgical_mask,2021-02-01,2021-02-01,test,ACM-3,2,0.1,0.037147429172293814,0.8749298275892526,0.951739051966778,0.28549787447588415,0.3055555555555556,0.5,1.0,0.20150292106347692,113,2,5000.0
surgical_mask,2021-03-01,2021-03-01,test,ACM-3,9,0.045934772622875514,0.06405496972184518,0.9472951960124909,0.923824302625328,0.3076500289186086,0.18674184434972568,0.1111111111111111,1.0,0.20843509004614152,170,9,43540.0
surgical_mask,2021-05-01,2021-05-01,test,ACM-3,2,0.0,0.016751642236027528,1.0,0.9689829857976731,0.24671999491697322,0.04375,0.0,1.0,0.2405061941620752,148,2,6000.0
surgical_mask,2021-06-01,2021-06-01,test,ACM-3,4,0.0,0.03315836847092782,1.0,0.9471277050594029,0.23527639449581064,0.037016702213442165,0.0,1.0,0.17747729633164122,98,4,13000.0
surgical_mask,2021-07-01,2021-07-01,test,ACM-3,2,0.0,0.03730161029036248,1.0,0.9480229229661138,0.3154163349391989,0.26785714285714285,0.5,1.0,0.1976448672898916,79,2,4000.0
face_shield,2020-04-01,2020-04-01,calibration,ACM-3,2,0.0,0.0015294953131512645,1.0,0.9958880655228219,0.12967606597823123,0.0029099886676380122,0.0,1.0,0.4172979644956005,1467,2,490.0
face_shield,2020-05-01,2020-05-01,calibration,ACM-3,12,0.00838902317645386,0.025605715023518463,0.9917866910373077,0.9611230658311845,0.24901207407188383,0.025199329807230105,0.0,1.0,0.35877186974813524,1993,54,70330.0
face_shield,2020-06-01,2020-06-01,calibration,ACM-3,38,0.0,0.026566413134392272,1.0,0.9653820351311957,0.2544188458971772,0.023482666986319886,0.0,1.0,0.3182228173410724,2073,86,61675.0
face_shield,2020-07-01,2020-07-01,validation,ACM-3,9,0.0,0.004692705509507447,1.0,0.9905423780859541,0.15018779865386928,0.004801873891948001,0.0,1.0,0.3257111159506974,2104,14,610.0
face_shield,2020-09-01,2020-09-01,validation,ACM-3,3,0.0,0.007261799992002124,1.0,0.9871752780508958,0.14043052762773411,0.009225210814615142,0.0,1.0,0.3065910180563436,344,3,1320.0
face_shield,2021-03-01,2021-03-01,test,ACM-3,2,0.0,0.020949324383550655,1.0,0.9636151556846954,0.2002631923733371,0.032744282744282746,0.0,1.0,0.19456102842966677,95,2,350.0
face_shield,2021-04-01,2021-04-01,test,ACM-3,5,0.0,0.05022132399377669,0.9999999999999999,0.9268657828410644,0.33410286002994777,0.11245635843723203,0.0,1.0,0.1990068202503935,123,5,1100.0
gown,2020-05-01,2020-05-01,calibration,ACM-3,7,0.0,0.005778709236716475,1.0,0.9890085867437177,0.14748831966073794,0.0070911963802248925,0.0,1.0,0.38804393431103024,1966,12,8450.0
gown,2020-06-01,2020-06-01,calibration,ACM-3,3,0.0,0.0004575840830361999,0.9999999999999999,0.9986490461148665,0.10525211682660678,0.0012691655465061353,0.0,1.0,0.3057535526058336,1972,4,350.0
gown,2020-08-01,2020-08-01,validation,ACM-3,1,0.0,0.0011356205432728858,1.0,0.9968078378538145,0.12188327487426638,0.003401360544217687,0.0,1.0,0.294160528204104,338,1,200.0
gown,2020-11-01,2020-11-01,validation,ACM-3,3,0.5485436893203883,0.11794037298702097,0.5789079735741489,0.8576882525785626,0.43383340305865137,0.38095238095238093,0.3333333333333333,1.0,0.2526562918410385,21,3,10300.0
gown,2021-01-01,2021-01-01,test,ACM-3,11,0.0,0.11480023068900946,0.9999999999999999,0.8698796054157376,0.3521295306112938,0.15944461369680393,0.0,1.0,0.23794810155165153,100,11,30840.0
gown,2021-02-01,2021-02-01,test,ACM-3,6,0.0,0.03480285403153695,1.0,0.9466733926612024,0.2532426119962112,0.045297800808397654,0.0,1.0,0.19137450675388298,106,6,598.0
gown,2021-03-01,2021-03-01,test,ACM-3,3,0.0,0.010021325540273619,1.0,0.9800309923112422,0.17785388917345832,0.017832241504807878,0.0,1.0,0.16797354294320052,130,3,814.0
gown,2021-04-01,2021-04-01,test,ACM-3,5,0.0,0.03324039741889429,1.0,0.9524121380491642,0.2280335073980614,0.046590909090909086,0.0,1.0,0.1762461703661981,157,5,2330.0
gown,2021-05-01,2021-05-01,test,ACM-3,2,0.0,0.007782256583216667,1.0,0.9835250376270064,0.17264426579772457,0.017361111111111112,0.0,1.0,0.1820020432573107,93,2,1200.0
gown,2021-06-01,2021-06-01,test,ACM-3,5,0.0,0.06724896986283836,1.0,0.921351425383523,0.23217292289594585,0.08551920420005527,0.0,1.0,0.1732605272141871,58,5,4560.0
n95,2020-04-01,2020-04-01,calibration,ACM-2,3,0.0,0.002116091525302749,1.0,0.994591525933432,0.1459338050942244,0.0031601117216124774,0.0,1.0,0.30730955021522344,2136,4,405.0
n95,2020-05-01,2020-05-01,calibration,ACM-2,54,0.0,0.03151354268147184,1.0,0.9640579321403202,0.19528903756059157,0.03399327765473068,0.02631578947368421,1.0,0.32378178263704255,2446,76,25122.0
n95,2020-06-01,2020-06-01,calibration,ACM-2,11,0.0,0.005107533136859519,0.9999999999999999,0.9905173780920055,0.12688652634247702,0.004439720074939786,0.0,1.0,0.31759398555409746,2546,19,1905.0
n95,2020-07-01,2020-07-01,validation,ACM-2,3,0.0,0.00457243268282521,0.9999999999999999,0.9906194191524229,0.15087766712983183,0.004899879611978882,0.0,1.0,0.2926014835549297,2492,10,2680.0
n95,2020-08-01,2020-08-01,validation,ACM-2,1,0.0,0.0005071325466993782,1.0,0.9984281230838478,0.10849816360194246,0.0016835016835016834,0.0,1.0,0.1787497240185812,696,1,40.0
n95,2020-09-01,2020-09-01,validation,ACM-2,2,0.0,0.00598541120144098,1.0,0.9870096869762023,0.1648676634594293,0.012546912944293179,0.0,1.0,0.2671139734530048,168,2,300.0
n95,2021-01-01,2021-01-01,test,ACM-2,3,0.0,0.010087338450278167,1.0,0.9796343235238143,0.2219836938499395,0.024036399466759402,0.0,1.0,0.22615290607760555,96,3,720.0
n95,2021-02-01,2021-02-01,test,ACM-2,1,0.0,0.004255584598861462,1.0,0.9900324850366946,0.1468999356504447,0.009009009009009009,0.0,1.0,0.20175336052283388,148,1,1000.0
n95,2021-03-01,2021-03-01,test,ACM-2,3,0.0,0.019071023682053156,1.0,0.9765258405913027,0.15285241411571676,0.03613494008714597,0.0,1.0,0.21695698213426112,203,3,5460.0
n95,2021-04-01,2021-04-01,test,ACM-2,1,0.0,0.00820357043588969,1.0,0.9826671434342679,0.19342640361727081,0.02857142857142857,0.0,1.0,0.2090992800613063,158,1,500.0
n95,2021-05-01,2021-05-01,test,ACM-2,2,0.0,0.007916906176331708,1.0,0.98662129552506,0.1478923448711953,0.013051513051513051,0.0,1.0,0.1904103414318329,161,2,1121.0
surgical_mask,2020-04-01,2020-04-01,calibration,ACM-2,12,0.0,0.020014238889733124,0.9999999999999999,0.9721969001486587,0.1928638004277914,0.019845922541745185,0.04,1.0,0.35197793298544156,1691,25,15680.0
surgical_mask,2020-05-01,2020-05-01,calibration,ACM-2,4,0.0,0.0030053769849359953,0.9999999999999999,0.9931703997733597,0.1359005535224232,0.0034993680331524444,0.0,1.0,0.35013443558957125,1916,6,2120.0
surgical_mask,2020-06-01,2020-06-01,calibration,ACM-2,20,0.0,0.012897583826966846,1.0,0.9838499099694471,0.13776688665131734,0.012592912963388603,0.0,1.0,0.329600077545918,2053,29,36740.0
surgical_mask,2020-07-01,2020-07-01,validation,ACM-2,4,0.0,0.002422006571687096,1.0,0.9942738616945921,0.1337448631595152,0.002599702758455718,0.0,1.0,0.315565944731044,2038,6,2465.0
surgical_mask,2020-08-01,2020-08-01,validation,ACM-2,1,0.0,0.0006651718433465842,1.0,0.9980029626573482,0.11333541637724692,0.0022123893805309734,0.0,1.0,0.2153704939683329,513,1,50.0
surgical_mask,2020-10-01,2020-10-01,validation,ACM-2,1,0.0,0.011257225086158371,1.0,0.9774456792602324,0.18665241123894338,0.025,0.0,1.0,0.2520309734957411,65,1,500.0
surgical_mask,2020-12-01,2020-12-01,validation,ACM-2,2,0.0,0.04240188914878527,0.9999999999999999,0.9349071869892007,0.32940913481585826,0.09523809523809523,0.0,1.0,0.18724631804456948,44,2,7000.0
surgical_mask,2021-02-01,2021-02-01,test,ACM-2,2,0.1,0.03680268874363088,0.8749298275892526,0.9520869331660656,0.28549787447588415,0.3055555555555556,0.5,1.0,0.20150292106347692,113,2,5000.0
surgical_mask,2021-03-01,2021-03-01,test,ACM-2,9,0.045934772622875514,0.06368776050145446,0.9472951960124909,0.9241297378848583,0.3054900205164664,0.18372920417562905,0.1111111111111111,1.0,0.20843509004614152,170,9,43540.0
surgical_mask,2021-05-01,2021-05-01,test,ACM-2,2,0.0,0.016761571471665206,1.0,0.96897139125498,0.24671999491697322,0.04375,0.0,1.0,0.2405061941620752,148,2,6000.0
surgical_mask,2021-06-01,2021-06-01,test,ACM-2,4,0.0,0.03316695725043286,1.0,0.9471117429556157,0.23495050198608786,0.036773187382297554,0.0,1.0,0.17747729633164122,98,4,13000.0
surgical_mask,2021-07-01,2021-07-01,test,ACM-2,2,0.0,0.037182858054752146,1.0,0.9481327745305295,0.3154163349391989,0.26785714285714285,0.5,1.0,0.1976448672898916,79,2,4000.0
face_shield,2020-04-01,2020-04-01,calibration,ACM-2,2,0.0,0.0015349364855247942,1.0,0.9958755271695688,0.12963291104428115,0.0029038112522686028,0.0,1.0,0.4172979644956005,1467,2,490.0
face_shield,2020-05-01,2020-05-01,calibration,ACM-2,12,0.00838902317645386,0.025595241803248285,0.9917866910373077,0.9611511251056287,0.24858695932601896,0.025035465570363007,0.0,1.0,0.35877186974813524,1993,54,70330.0
face_shield,2020-06-01,2020-06-01,calibration,ACM-2,38,0.0,0.026663087080971006,1.0,0.96530182642576,0.2543652587020393,0.023493111490762542,0.0,1.0,0.3182228173410724,2073,86,61675.0
face_shield,2020-07-01,2020-07-01,validation,ACM-2,9,0.0,0.00469502246695153,1.0,0.9905150247240467,0.15020793926710105,0.004756292635835033,0.0,1.0,0.3257111159506974,2104,14,610.0
face_shield,2020-09-01,2020-09-01,validation,ACM-2,3,0.0,0.007265190351139144,1.0,0.9872511111476475,0.1396053377839781,0.00912723105876639,0.0,1.0,0.3065910180563436,344,3,1320.0
face_shield,2021-03-01,2021-03-01,test,ACM-2,2,0.0,0.020844199517275824,1.0,0.9637596495989843,0.2002631923733371,0.032744282744282746,0.0,1.0,0.19456102842966677,95,2,350.0
face_shield,2021-04-01,2021-04-01,test,ACM-2,5,0.0,0.05007618006698006,0.9999999999999999,0.9270335771876971,0.33410286002994777,0.11245635843723203,0.0,1.0,0.1990068202503935,123,5,1100.0
gown,2020-05-01,2020-05-01,calibration,ACM-2,7,0.0,0.005784205907032167,1.0,0.9890007316010327,0.1473677505704468,0.0071205824558736985,0.0,1.0,0.38804393431103024,1966,12,8450.0
gown,2020-06-01,2020-06-01,calibration,ACM-2,3,0.0,0.0004598940061355252,0.9999999999999999,0.9986431300345276,0.10525292304809318,0.0012692301940657417,0.0,1.0,0.3057535526058336,1972,4,350.0
gown,2020-08-01,2020-08-01,validation,ACM-2,1,0.0,0.0011351942917936812,1.0,0.9968088838258188,0.12188327487426638,0.003401360544217687,0.0,1.0,0.294160528204104,338,1,200.0
gown,2020-11-01,2020-11-01,validation,ACM-2,3,0.5485436893203883,0.1185497555959058,0.5789079735741489,0.857097167536748,0.43383340305865137,0.38095238095238093,0.3333333333333333,1.0,0.2526562918410385,21,3,10300.0
gown,2021-01-01,2021-01-01,test,ACM-2,11,0.0,0.11436861022997691,0.9999999999999999,0.8703293719590318,0.3514242813218569,0.1583964145840887,0.0,1.0,0.23794810155165153,100,11,30840.0
gown,2021-02-01,2021-02-01,test,ACM-2,6,0.0,0.034714947659087454,1.0,0.9467713365905114,0.25297092943260335,0.045151483325361084,0.0,1.0,0.19137450675388298,106,6,598.0
gown,2021-03-01,2021-03-01,test,ACM-2,3,0.0,0.010108580537917676,1.0,0.9798886332649598,0.17792085424919704,0.017885866558432932,0.0,1.0,0.16797354294320052,130,3,814.0
gown,2021-04-01,2021-04-01,test,ACM-2,5,0.0,0.033193442030587335,1.0,0.9524583115954891,0.2280022533031345,0.046478864272981917,0.0,1.0,0.1762461703661981,157,5,2330.0
gown,2021-05-01,2021-05-01,test,ACM-2,2,0.0,0.0077809602621520466,1.0,0.983529615233484,0.1727481883988237,0.017485955056179774,0.0,1.0,0.1820020432573107,93,2,1200.0
gown,2021-06-01,2021-06-01,test,ACM-2,5,0.0,0.06724093733799821,1.0,0.9213191719381076,0.23217292289594585,0.08551920420005527,0.0,1.0,0.1732605272141871,58,5,4560.0
n95,2020-04-01,2020-04-01,calibration,FCM,3,0.0,0.0020848893614723103,1.0,0.9947225270617795,0.13628774955809442,0.002585631138746828,0.0,1.0,0.30730955021522344,2136,4,405.0
n95,2020-05-01,2020-05-01,calibration,FCM,54,0.0,0.03139614729727468,1.0,0.965508775297873,0.19180617182434243,0.03156355408704969,0.0,1.0,0.32378178263704255,2446,76,25122.0
n95,2020-06-01,2020-06-01,calibration,FCM,11,0.0,0.006568842872926985,1.0,0.9885899793449953,0.12642651524669288,0.004423822179313337,0.0,1.0,0.31759398555409746,2546,19,1905.0
n95,2020-07-01,2020-07-01,validation,FCM,3,0.0,0.005929589153167363,0.9999999999999999,0.9879331239459912,0.15099967665917602,0.005092863842439165,0.0,1.0,0.2926014835549297,2492,10,2680.0
n95,2020-08-01,2020-08-01,validation,FCM,1,0.0,0.0010625233021711923,1.0,0.9969880580323652,0.10846965187592313,0.0016806722689075631,0.0,1.0,0.1787497240185812,696,1,40.0
n95,2020-09-01,2020-09-01,validation,FCM,2,0.0,0.010884834040427675,1.0,0.9783945610349453,0.17060844277723314,0.014810924369747899,0.0,1.0,0.2671139734530048,168,2,300.0
n95,2021-01-01,2021-01-01,test,FCM,3,0.0,0.022690609447900734,1.0,0.9599913067911706,0.22178121298946873,0.02393602809267529,0.0,1.0,0.22615290607760555,96,3,720.0
n95,2021-02-01,2021-02-01,test,FCM,1,0.0,0.005944893098080005,1.0,0.9867726577518804,0.14662371845531105,0.008928571428571428,0.0,1.0,0.20175336052283388,148,1,1000.0
n95,2021-03-01,2021-03-01,test,FCM,3,0.0,0.017802237057032717,1.0,0.9750744792549857,0.15512378226301848,0.038032990974167444,0.0,1.0,0.21695698213426112,203,3,5460.0
n95,2021-04-01,2021-04-01,test,FCM,1,0.0,0.00701400640464904,1.0,0.9847985785381568,0.19195872000656014,0.027777777777777776,0.0,1.0,0.2090992800613063,158,1,500.0
n95,2021-05-01,2021-05-01,test,FCM,2,0.0,0.011271912311893275,1.0,0.9824316661326776,0.14844391960987516,0.013061732234489193,0.0,1.0,0.1904103414318329,161,2,1121.0
surgical_mask,2020-04-01,2020-04-01,calibration,FCM,12,0.0,0.021252304460684872,1.0,0.9719168937283696,0.1889502288008975,0.018910585276864032,0.04,1.0,0.35197793298544156,1691,25,15680.0
surgical_mask,2020-05-01,2020-05-01,calibration,FCM,4,0.0,0.00303702775211602,0.9999999999999999,0.9931190784563182,0.13332564170280015,0.0030034640643694533,0.0,1.0,0.35013443558957125,1916,6,2120.0
surgical_mask,2020-06-01,2020-06-01,calibration,FCM,20,0.0,0.013543930935967147,1.0,0.983908151952842,0.1370663958083559,0.012098777253852548,0.0,1.0,0.329600077545918,2053,29,36740.0
surgical_mask,2020-07-01,2020-07-01,validation,FCM,4,0.0,0.0029349666924990783,1.0,0.9933464038012894,0.13339657591349643,0.002624720428392695,0.0,1.0,0.315565944731044,2038,6,2465.0
surgical_mask,2020-08-01,2020-08-01,validation,FCM,1,0.0,0.0014240493897296127,1.0,0.9961120830172874,0.1132538393336372,0.0022026431718061676,0.0,1.0,0.2153704939683329,513,1,50.0
surgical_mask,2020-10-01,2020-10-01,validation,FCM,1,0.0,0.014517558804041196,1.0,0.9721777726779967,0.18665241123894338,0.025,0.0,1.0,0.2520309734957411,65,1,500.0
surgical_mask,2020-12-01,2020-12-01,validation,FCM,2,0.0,0.036067925484197405,0.9999999999999999,0.9420553792262605,0.25939604941240363,0.05952380952380952,0.0,1.0,0.18724631804456948,44,2,7000.0
surgical_mask,2021-02-01,2021-02-01,test,FCM,2,0.0,0.02350766636785863,1.0,0.963963614133563,0.3374544393073572,0.5666666666666667,0.5,1.0,0.20150292106347692,113,2,5000.0
surgical_mask,2021-03-01,2021-03-01,test,FCM,9,0.045934772622875514,0.056768773839383405,0.9529385517842037,0.9280363007590342,0.30202167639372046,0.1868021544009874,0.1111111111111111,1.0,0.20843509004614152,170,9,43540.0
surgical_mask,2021-05-01,2021-05-01,test,FCM,2,0.0,0.014803653133950611,1.0,0.9717584007096376,0.2536531461865653,0.04821428571428571,0.0,1.0,0.2405061941620752,148,2,6000.0
surgical_mask,2021-06-01,2021-06-01,test,FCM,4,0.0,0.03820254869102132,1.0,0.9399943074249223,0.23394564012685515,0.03605951152390781,0.0,1.0,0.17747729633164122,98,4,13000.0
surgical_mask,2021-07-01,2021-07-01,test,FCM,2,0.0,0.02900690479266481,1.0,0.954151391225283,0.31603917807141035,0.2681818181818182,0.5,1.0,0.1976448672898916,79,2,4000.0
face_shield,2020-04-01,2020-04-01,calibration,FCM,2,0.0,0.0014919502879591562,1.0,0.9959690894269615,0.1300534188131817,0.0029616308998244327,0.0,1.0,0.4172979644956005,1467,2,490.0
face_shield,2020-05-01,2020-05-01,calibration,FCM,12,0.0,0.025902083688215952,1.0,0.961418743721667,0.2485584216920449,0.024564440822998503,0.0,1.0,0.35877186974813524,1993,54,70330.0
face_shield,2020-06-01,2020-06-01,calibration,FCM,38,0.0,0.031138091815290925,1.0,0.9617741015661405,0.2528065029086034,0.02334775904375674,0.0,1.0,0.3182228173410724,2073,86,61675.0
face_shield,2020-07-01,2020-07-01,validation,FCM,9,0.0,0.00583329491112455,1.0,0.9883436922997304,0.1616535526745982,0.006827969102481846,0.0,1.0,0.3257111159506974,2104,14,610.0
face_shield,2020-09-01,2020-09-01,validation,FCM,3,0.0,0.00871666673692548,1.0,0.9847708734681364,0.14343761279268677,0.010786180739047982,0.0,1.0,0.3065910180563436,344,3,1320.0
face_shield,2021-03-01,2021-03-01,test,FCM,2,0.0,0.02144899432641304,1.0,0.9626408338148478,0.19812838346634679,0.031339031339031334,0.0,1.0,0.19456102842966677,95,2,350.0
face_shield,2021-04-01,2021-04-01,test,FCM,5,0.0,0.04597725214905978,0.9999999999999999,0.931229158492213,0.32411489719657843,0.10608920649243231,0.0,1.0,0.1990068202503935,123,5,1100.0
gown,2020-05-01,2020-05-01,calibration,FCM,7,0.0,0.005839818207599536,1.0,0.9886846303191612,0.14466775325670508,0.006753767150316473,0.0,1.0,0.38804393431103024,1966,12,8450.0
gown,2020-06-01,2020-06-01,calibration,FCM,3,0.0,0.0012643880615245996,0.9999999999999999,0.9967245444503344,0.10525211682660678,0.0012691655465061353,0.0,1.0,0.3057535526058336,1972,4,350.0
gown,2020-08-01,2020-08-01,validation,FCM,1,0.0,0.002214213881254038,1.0,0.9943024945229945,0.12159530598557504,0.003355704697986577,0.0,1.0,0.294160528204104,338,1,200.0
gown,2020-11-01,2020-11-01,validation,FCM,3,0.7766990291262136,0.09965548763720695,0.4725473213063284,0.8791016064869285,0.43383340305865137,0.38095238095238093,0.3333333333333333,1.0,0.2526562918410385,21,3,10300.0
gown,2021-01-01,2021-01-01,test,FCM,11,0.0,0.10963726163099943,0.9999999999999999,0.8714677993471801,0.35080455696546364,0.16160412353433234,0.0,1.0,0.23794810155165153,100,11,30840.0
gown,2021-02-01,2021-02-01,test,FCM,6,0.0,0.05007159181618044,1.0,0.9264942334470119,0.2564523367385298,0.04759688297894777,0.0,1.0,0.19137450675388298,106,6,598.0
gown,2021-03-01,2021-03-01,test,FCM,3,0.0,0.018382288645082494,1.0,0.9672174723943066,0.17785432458851422,0.01791366750366507,0.0,1.0,0.16797354294320052,130,3,814.0
gown,2021-04-01,2021-04-01,test,FCM,5,0.0,0.03656803205416784,1.0,0.9478264503648093,0.2465550090980094,0.06073917784837134,0.0,1.0,0.1762461703661981,157,5,2330.0
gown,2021-05-01,2021-05-01,test,FCM,2,0.0,0.015889942816273202,1.0,0.970615740231909,0.17328767233256895,0.0173992673992674,0.0,1.0,0.1820020432573107,93,2,1200.0
gown,2021-06-01,2021-06-01,test,FCM,5,0.0,0.08044909852695294,1.0,0.9064054412826095,0.23541242560156436,0.09001645973074544,0.0,1.0,0.1732605272141871,58,5,4560.0
n95,2020-04-01,2020-04-01,calibration,Calibrated scalar,3,0.0,0.02516886817721739,1.0,0.9620185048171433,0.2947194631740244,0.05610895260211981,0.0,1.0,0.30730955021522344,2136,4,405.0
n95,2020-05-01,2020-05-01,calibration,Calibrated scalar,54,0.7391927394315739,0.7635222369490656,0.496372267813426,0.40264260284215087,0.9562525735709404,0.6493068140341954,0.6710526315789473,1.0,0.32378178263704255,2446,76,25122.0
n95,2020-06-01,2020-06-01,calibration,Calibrated scalar,11,0.015748031496062992,0.10091522123333783,0.9920947376656813,0.8860140953931089,0.3811953490338527,0.23497355854303872,0.15789473684210525,1.0,0.31759398555409746,2546,19,1905.0
n95,2020-07-01,2020-07-01,validation,Calibrated scalar,3,0.5373134328358209,0.656112257216767,0.6802106785137816,0.3362151910011593,0.9973826625573841,0.8700718121239567,0.8,1.0,0.2926014835549297,2492,10,2680.0
n95,2020-08-01,2020-08-01,validation,Calibrated scalar,1,0.0,4.44176532796334e-19,1.0,0.9999999999999999,0.14924393652741208,0.009615384615384616,0.0,1.0,0.1787497240185812,696,1,40.0
n95,2020-09-01,2020-09-01,validation,Calibrated scalar,2,0.0,5.540306717562328e-07,0.9999999999999999,0.9999970025145059,0.25928508505702313,0.05065666041275797,0.0,1.0,0.2671139734530048,168,2,300.0
n95,2021-01-01,2021-01-01,test,Calibrated scalar,3,0.6666666666666666,0.3957184063473648,0.5184382614877528,0.5899831812003549,0.9469024295259744,0.8666666666666667,0.6666666666666666,1.0,0.22615290607760555,96,3,720.0
n95,2021-02-01,2021-02-01,test,Calibrated scalar,1,0.0,1.3462240091274164e-15,1.0,0.9999999999999828,0.31546487678572877,0.125,0.0,1.0,0.20175336052283388,148,1,1000.0
n95,2021-03-01,2021-03-01,test,Calibrated scalar,3,0.8901098901098901,4.2604621539312386e-06,0.31177060872987233,0.9999842616973066,0.24964723858528826,0.09992588100532308,0.0,1.0,0.21695698213426112,203,3,5460.0
n95,2021-04-01,2021-04-01,test,Calibrated scalar,1,0.0,1.8541546055023796e-18,1.0,0.9999999999999999,0.1729696904450771,0.018518518518518517,0.0,1.0,0.2090992800613063,158,1,500.0
n95,2021-05-01,2021-05-01,test,Calibrated scalar,2,0.0,1.2989965132099248e-12,1.0,0.9999999999885717,0.20619786058893438,0.07019704433497537,0.0,1.0,0.1904103414318329,161,2,1121.0
surgical_mask,2020-04-01,2020-04-01,calibration,Calibrated scalar,12,0.5956632653061225,0.5750103546363773,0.6351235052443109,0.6300869508339668,0.855618816750243,0.18681184417714236,0.12,1.0,0.35197793298544156,1691,25,15680.0
surgical_mask,2020-05-01,2020-05-01,calibration,Calibrated scalar,4,0.5188679245283019,0.4096168227411723,0.6903824262125119,0.7072411599991348,0.5924836288645335,0.5703661806602983,0.5,1.0,0.35013443558957125,1916,6,2120.0
surgical_mask,2020-06-01,2020-06-01,calibration,Calibrated scalar,20,0.8813282525857375,0.7282116448457947,0.34409252044693656,0.3550116594883047,0.97762953684002,0.468575356828074,0.3793103448275862,1.0,0.329600077545918,2053,29,36740.0
surgical_mask,2020-07-01,2020-07-01,validation,Calibrated scalar,4,0.1724137931034483,0.15680700042283657,0.9097176522946842,0.903172257391054,0.4452609287202387,0.5148148148148148,0.5,1.0,0.315565944731044,2038,6,2465.0
surgical_mask,2020-08-01,2020-08-01,validation,Calibrated scalar,1,0.0,3.5259973197071957e-17,0.9999999999999999,0.9999999999999996,0.14955506186451523,0.00980392156862745,0.0,1.0,0.2153704939683329,513,1,50.0
surgical_mask,2020-10-01,2020-10-01,validation,Calibrated scalar,1,0.0,1.229535940706187e-18,1.0,1.0,0.1965616322328226,0.030303030303030304,0.0,1.0,0.2520309734957411,65,1,500.0
surgical_mask,2020-12-01,2020-12-01,validation,Calibrated scalar,2,0.0,7.374681550366747e-05,0.9999999999999999,0.9997720452489942,0.24016653199528842,0.1893939393939394,0.0,1.0,0.18724631804456948,44,2,7000.0
surgical_mask,2021-02-01,2021-02-01,test,Calibrated scalar,2,0.0,2.7764544743052485e-10,1.0,0.9999999977068755,0.26081456672302966,0.04780733285406183,0.0,1.0,0.20150292106347692,113,2,5000.0
surgical_mask,2021-03-01,2021-03-01,test,Calibrated scalar,9,0.10427193385392741,0.10475429010152003,0.9240714917121263,0.9007295673180457,0.3326459286287254,0.38153538974832424,0.4444444444444444,1.0,0.20843509004614152,170,9,43540.0
surgical_mask,2021-05-01,2021-05-01,test,Calibrated scalar,2,0.0,2.6678959921933314e-10,1.0,0.9999999978492573,0.2664457718684842,0.0572192513368984,0.0,1.0,0.2405061941620752,148,2,6000.0
surgical_mask,2021-06-01,2021-06-01,test,Calibrated scalar,4,0.0,0.0002994847098452403,1.0,0.9991183753371141,0.4417502141650813,0.14927466150870405,0.25,1.0,0.17747729633164122,98,4,13000.0
surgical_mask,2021-07-01,2021-07-01,test,Calibrated scalar,2,0.0,5.87695546447882e-12,1.0,0.9999999999436756,0.22376981160188864,0.03439735828288387,0.0,1.0,0.1976448672898916,79,2,4000.0
face_shield,2020-04-01,2020-04-01,calibration,Calibrated scalar,2,0.0,4.97830805961758e-06,1.0,0.9999764593830436,0.18253202843237418,0.016216565447732267,0.0,1.0,0.4172979644956005,1467,2,490.0
face_shield,2020-05-01,2020-05-01,calibration,Calibrated scalar,12,0.05815441490118015,0.08448884012726282,0.9704872926003822,0.8905729298205793,0.6187114058756843,0.5802297485400062,0.6111111111111112,1.0,0.35877186974813524,1993,54,70330.0
face_shield,2020-06-01,2020-06-01,calibration,Calibrated scalar,38,0.6995541143088772,0.646297181025466,0.5145746829754327,0.43605164134732305,0.9202220387827952,0.7465955896185725,0.6744186046511628,1.0,0.3182228173410724,2073,86,61675.0
face_shield,2020-07-01,2020-07-01,validation,Calibrated scalar,9,0.19672131147540983,0.2507743480654339,0.8489704681538905,0.8052917281017273,0.5618455646535695,0.5671266960346137,0.6428571428571429,1.0,0.3257111159506974,2104,14,610.0
face_shield,2020-09-01,2020-09-01,validation,Calibrated scalar,3,0.22727272727272727,0.11589749889484256,0.8430762568541607,0.9174372552586674,0.35400015023924875,0.20833333333333331,0.3333333333333333,1.0,0.3065910180563436,344,3,1320.0
face_shield,2021-03-01,2021-03-01,test,Calibrated scalar,2,0.0,5.069730940594016e-09,1.0,0.9999999638620546,0.5709595687180904,0.28846153846153844,0.5,1.0,0.19456102842966677,95,2,350.0
face_shield,2021-04-01,2021-04-01,test,Calibrated scalar,5,0.0,0.0023760803728369306,1.0,0.9955075965786855,0.2839445973112561,0.08235420406152114,0.0,1.0,0.1990068202503935,123,5,1100.0
gown,2020-05-01,2020-05-01,calibration,Calibrated scalar,7,0.26627218934911245,0.24145064269279412,0.8565791327430802,0.8479555432795882,0.5723632627679334,0.7794795482295482,0.75,1.0,0.38804393431103024,1966,12,8450.0
gown,2020-06-01,2020-06-01,calibration,Calibrated scalar,3,0.8857142857142858,0.8782917302487905,0.3380617018914066,0.1992306486239742,0.9954370065913273,1.0,1.0,1.0,0.3057535526058336,1972,4,350.0
gown,2020-08-01,2020-08-01,validation,Calibrated scalar,1,0.0,2.264120363416625e-12,1.0,0.999999999977287,0.19823986317056053,0.03125,0.0,1.0,0.294160528204104,338,1,200.0
gown,2020-11-01,2020-11-01,validation,Calibrated scalar,3,0.9514563106796117,0.025762968734438053,0.19734936401533892,0.9709175165027235,0.5672255212197139,0.4365079365079365,0.6666666666666666,1.0,0.2526562918410385,21,3,10300.0
gown,2021-01-01,2021-01-01,test,Calibrated scalar,11,0.0,0.005622884482206069,0.9999999999999999,0.9910939028842577,0.4338980157726576,0.15737540228677463,0.2727272727272727,1.0,0.23794810155165153,100,11,30840.0
gown,2021-02-01,2021-02-01,test,Calibrated scalar,6,0.32608695652173914,0.3261150588138684,0.7248312048102717,0.742522807088698,0.771057942127398,0.3753367003367003,0.16666666666666666,1.0,0.19137450675388298,106,6,598.0
gown,2021-03-01,2021-03-01,test,Calibrated scalar,3,0.0,4.69231326244935e-15,1.0,0.9999999999999426,0.2583048249267567,0.0775925925925926,0.0,1.0,0.16797354294320052,130,3,814.0
gown,2021-04-01,2021-04-01,test,Calibrated scalar,5,0.0,0.01032135062802812,1.0,0.9872922902775122,0.294997400148216,0.09006002598034439,0.2,1.0,0.1762461703661981,157,5,2330.0
gown,2021-05-01,2021-05-01,test,Calibrated scalar,2,0.0,1.295193146377432e-14,1.0,0.999999999999852,0.29836406230376133,0.13392857142857142,0.0,1.0,0.1820020432573107,93,2,1200.0
gown,2021-06-01,2021-06-01,test,Calibrated scalar,5,0.0,0.009853015795766997,1.0,0.9810479590067884,0.3905975580051936,0.12658586349884174,0.2,1.0,0.1732605272141871,58,5,4560.0
n95,2020-04-01,2020-04-01,calibration,Demand proportional,3,0.0,0.002145795606521825,1.0,0.9948246055357625,0.1657008335552521,0.005533496633771833,0.0,1.0,0.30730955021522344,2136,4,405.0
n95,2020-05-01,2020-05-01,calibration,Demand proportional,54,0.0,0.023982287890348123,1.0,0.9725293363381577,0.2219729836352692,0.04595274519986997,0.039473684210526314,1.0,0.32378178263704255,2446,76,25122.0
n95,2020-06-01,2020-06-01,calibration,Demand proportional,11,0.0,0.0005256896880564696,1.0,0.9984189367351894,0.1452896498793921,0.005004457227883282,0.0,1.0,0.31759398555409746,2546,19,1905.0
n95,2020-07-01,2020-07-01,validation,Demand proportional,3,0.0,0.0006090232930653651,0.9999999999999999,0.9982087664231138,0.16380160021766657,0.005795147207007327,0.0,1.0,0.2926014835549297,2492,10,2680.0
n95,2020-08-01,2020-08-01,validation,Demand proportional,1,0.0,0.0008140528312146931,1.0,0.9976148559731222,0.14503646569481302,0.007936507936507936,0.0,1.0,0.1787497240185812,696,1,40.0
n95,2020-09-01,2020-09-01,validation,Demand proportional,2,0.0,0.012037437286015838,1.0,0.9767371995285244,0.23811433236266333,0.04102167182662539,0.0,1.0,0.2671139734530048,168,2,300.0
n95,2021-01-01,2021-01-01,test,Demand proportional,3,0.0,0.10562317674278243,1.0,0.9009510523810896,0.42152485865153577,0.1717171717171717,0.3333333333333333,1.0,0.22615290607760555,96,3,720.0
n95,2021-02-01,2021-02-01,test,Demand proportional,1,0.0,0.025277328403050612,1.0,0.9562828153097543,0.31546487678572877,0.125,0.0,1.0,0.20175336052283388,148,1,1000.0
n95,2021-03-01,2021-03-01,test,Demand proportional,3,0.9157509157509157,0.26232482252737727,0.20847368918719003,0.7350040056515382,0.966417308993234,0.37107921318447634,0.3333333333333333,1.0,0.21695698213426112,203,3,5460.0
n95,2021-04-01,2021-04-01,test,Demand proportional,1,0.0,0.0323932103831037,1.0,0.9466336814111257,0.3562071871080222,0.16666666666666666,0.0,1.0,0.2090992800613063,158,1,500.0
n95,2021-05-01,2021-05-01,test,Demand proportional,2,0.0,0.011256512213516059,1.0,0.9806726048750706,0.206852161029993,0.04111295681063123,0.0,1.0,0.1904103414318329,161,2,1121.0
surgical_mask,2020-04-01,2020-04-01,calibration,Demand proportional,12,0.0,0.011403690907181102,1.0,0.9781544314270902,0.21878239420640205,0.01964309154008014,0.0,1.0,0.35197793298544156,1691,25,15680.0
surgical_mask,2020-05-01,2020-05-01,calibration,Demand proportional,4,0.0,0.0018105327368828346,0.9999999999999999,0.9958468605994507,0.15408861270509305,0.006597690502121102,0.0,1.0,0.35013443558957125,1916,6,2120.0
surgical_mask,2020-06-01,2020-06-01,calibration,Demand proportional,20,0.0,0.01090895960006031,1.0,0.9825753685190114,0.18062912479817175,0.01850314730496832,0.0,1.0,0.329600077545918,2053,29,36740.0
surgical_mask,2020-07-01,2020-07-01,validation,Demand proportional,4,0.0,0.0019313766761501479,1.0,0.9955579043419833,0.15481096338322117,0.005713185861669412,0.0,1.0,0.315565944731044,2038,6,2465.0
surgical_mask,2020-08-01,2020-08-01,validation,Demand proportional,1,0.0,0.0008231150459668599,1.0,0.9975915651526752,0.13889520968509134,0.006578947368421052,0.0,1.0,0.2153704939683329,513,1,50.0
surgical_mask,2020-10-01,2020-10-01,validation,Demand proportional,1,0.0,0.016578478371993423,1.0,0.9689765190768728,0.2890648263178879,0.09090909090909091,0.0,1.0,0.2520309734957411,65,1,500.0
surgical_mask,2020-12-01,2020-12-01,validation,Demand proportional,2,0.0,0.039263195095842585,0.9999999999999999,0.9398393662126372,0.4201384328527914,0.15833333333333333,0.0,1.0,0.18724631804456948,44,2,7000.0
surgical_mask,2021-02-01,2021-02-01,test,Demand proportional,2,0.0,0.07747293614280684,1.0,0.8943739054161376,0.3915239948698048,0.2,0.0,1.0,0.20150292106347692,113,2,5000.0
surgical_mask,2021-03-01,2021-03-01,test,Demand proportional,9,0.0,0.13780136109845612,1.0,0.8689757280656315,0.409226759863145,0.25069382556944747,0.2222222222222222,1.0,0.20843509004614152,170,9,43540.0
surgical_mask,2021-05-01,2021-05-01,test,Demand proportional,2,0.0,0.006459294729046767,1.0,0.9859256452908823,0.23216789801865043,0.036428110896196006,0.0,1.0,0.2405061941620752,148,2,6000.0
surgical_mask,2021-06-01,2021-06-01,test,Demand proportional,4,0.0,0.02047057024238863,1.0,0.9638134785748501,0.3011856054286584,0.07456719273075084,0.0,1.0,0.17747729633164122,98,4,13000.0
surgical_mask,2021-07-01,2021-07-01,test,Demand proportional,2,0.0,0.010137398064393763,1.0,0.9814183793126114,0.2008665560710094,0.0367003367003367,0.0,1.0,0.1976448672898916,79,2,4000.0
face_shield,2020-04-01,2020-04-01,calibration,Demand proportional,2,0.0,0.00036029677349670686,1.0,0.9988429322749433,0.1406437433235346,0.004519879969992498,0.0,1.0,0.4172979644956005,1467,2,490.0
face_shield,2020-05-01,2020-05-01,calibration,Demand proportional,12,0.0,0.02182732205911063,1.0,0.9614149584843638,0.31808398135177945,0.05762689173644428,0.0,1.0,0.35877186974813524,1993,54,70330.0
face_shield,2020-06-01,2020-06-01,calibration,Demand proportional,38,0.0,0.015822215340433092,1.0,0.9706340388811809,0.34330224140524707,0.04095279564509141,0.011627906976744186,1.0,0.3182228173410724,2073,86,61675.0
face_shield,2020-07-01,2020-07-01,validation,Demand proportional,9,0.0,0.00036013036617586096,1.0,0.998900070511144,0.157294284715636,0.004886924436675803,0.0,1.0,0.3257111159506974,2104,14,610.0
face_shield,2020-09-01,2020-09-01,validation,Demand proportional,3,0.0,0.003281437184358061,1.0,0.9922991631301782,0.17714967473281398,0.018001169836032224,0.0,1.0,0.3065910180563436,344,3,1320.0
face_shield,2021-03-01,2021-03-01,test,Demand proportional,2,0.0,0.013870961220517251,1.0,0.9740059599781211,0.25295609804093366,0.07393483709273183,0.0,1.0,0.19456102842966677,95,2,350.0
face_shield,2021-04-01,2021-04-01,test,Demand proportional,5,0.0,0.14138818495528263,1.0,0.8499916937829171,0.47322021823103283,0.1747670807453416,0.2,1.0,0.1990068202503935,123,5,1100.0
gown,2020-05-01,2020-05-01,calibration,Demand proportional,7,0.0,0.0041966004708520075,0.9999999999999999,0.9918215130693635,0.17459016197872004,0.013173925240445375,0.0,1.0,0.38804393431103024,1966,12,8450.0
gown,2020-06-01,2020-06-01,calibration,Demand proportional,3,0.0,2.2965736105975715e-05,0.9999999999999999,0.9999032356824946,0.11059956126641546,0.0015878820001031138,0.0,1.0,0.3057535526058336,1972,4,350.0
gown,2020-08-01,2020-08-01,validation,Demand proportional,1,0.0,0.0008273653340694377,1.0,0.9975806537302659,0.14332232775009315,0.007936507936507936,0.0,1.0,0.294160528204104,338,1,200.0
gown,2020-11-01,2020-11-01,validation,Demand proportional,3,0.7766990291262136,0.35891419735094093,0.3489980908290667,0.6735789272134289,0.9210123296842944,0.5074074074074074,0.3333333333333333,1.0,0.2526562918410385,21,3,10300.0
gown,2021-01-01,2021-01-01,test,Demand proportional,11,0.0,0.18303352358219832,0.9999999999999999,0.8366550770335848,0.5647880644562883,0.31627435064935067,0.36363636363636365,1.0,0.23794810155165153,100,11,30840.0
gown,2021-02-01,2021-02-01,test,Demand proportional,6,0.0,0.04468954976026435,1.0,0.938956437654958,0.3526759432976175,0.10863186521081258,0.0,1.0,0.19137450675388298,106,6,598.0
gown,2021-03-01,2021-03-01,test,Demand proportional,3,0.0,0.0015366912259401693,1.0,0.9958716467011732,0.1978200116021513,0.0265825863386839,0.0,1.0,0.16797354294320052,130,3,814.0
gown,2021-04-01,2021-04-01,test,Demand proportional,5,0.0,0.033386816480086894,0.9999999999999999,0.9499247341161838,0.3000982290455148,0.060111524240167066,0.0,1.0,0.1762461703661981,157,5,2330.0
gown,2021-05-01,2021-05-01,test,Demand proportional,2,0.0,0.010320665043014786,1.0,0.9790152247930848,0.2214515769398502,0.040257648953301126,0.0,1.0,0.1820020432573107,93,2,1200.0
gown,2021-06-01,2021-06-01,test,Demand proportional,5,0.0,0.06781742581850413,1.0,0.9101390000124634,0.34388121165307195,0.09899407609933925,0.0,1.0,0.1732605272141871,58,5,4560.0
n95,2020-04-01,2020-04-01,calibration,Robust priority,3,0.0,0.0020743625361893977,1.0,0.994794607187603,0.15579514313282652,0.003950410613641523,0.0,1.0,0.30730955021522344,2136,4,405.0
n95,2020-05-01,2020-05-01,calibration,Robust priority,54,0.0,0.031680782575167654,1.0,0.964642687333607,0.18798716290291015,0.03756082470577023,0.06578947368421052,1.0,0.32378178263704255,2446,76,25122.0
n95,2020-06-01,2020-06-01,calibration,Robust priority,11,0.0,0.0018807193608563239,1.0,0.9956952077840138,0.12612828676490093,0.004205117843237634,0.0,1.0,0.31759398555409746,2546,19,1905.0
n95,2020-07-01,2020-07-01,validation,Robust priority,3,0.0,0.0018694370816850347,0.9999999999999999,0.9979203120706878,0.14580023359604827,0.0046248881781355,0.0,1.0,0.2926014835549297,2492,10,2680.0
n95,2020-08-01,2020-08-01,validation,Robust priority,1,0.0,0.00018349006629473006,1.0,0.9993642416285238,0.10849816360194246,0.0016806722689075631,0.0,1.0,0.1787497240185812,696,1,40.0
n95,2020-09-01,2020-09-01,validation,Robust priority,2,0.0,0.0063849597545395835,1.0,0.98709997273332,0.17254160195426554,0.016064516129032258,0.0,1.0,0.2671139734530048,168,2,300.0
n95,2021-01-01,2021-01-01,test,Robust priority,3,0.0,0.0005248791928085819,1.0,0.9984263800615869,0.22246240197324743,0.024271124671582336,0.0,1.0,0.22615290607760555,96,3,720.0
n95,2021-02-01,2021-02-01,test,Robust priority,1,0.0,0.002581840618658122,1.0,0.9934971844294206,0.1505149978319906,0.010101010101010102,0.0,1.0,0.20175336052283388,148,1,1000.0
n95,2021-03-01,2021-03-01,test,Robust priority,3,0.0,0.014736883928774626,1.0,0.979432701916939,0.17156718077311658,0.029130591630591632,0.0,1.0,0.21695698213426112,203,3,5460.0
n95,2021-04-01,2021-04-01,test,Robust priority,1,0.0,0.005095360466600277,1.0,0.9883878108879838,0.17070727966372012,0.017543859649122806,0.0,1.0,0.2090992800613063,158,1,500.0
n95,2021-05-01,2021-05-01,test,Robust priority,2,0.0,0.0029383334708369905,1.0,0.9940939673367064,0.14578620761343172,0.012535014005602241,0.0,1.0,0.1904103414318329,161,2,1121.0
surgical_mask,2020-04-01,2020-04-01,calibration,Robust priority,12,0.0,0.014858594311628209,1.0,0.9778166492049665,0.18261490737841085,0.019480688431522425,0.04,1.0,0.35197793298544156,1691,25,15680.0
surgical_mask,2020-05-01,2020-05-01,calibration,Robust priority,4,0.0,0.0025791269271652666,0.9999999999999999,0.9940625134091743,0.13603497789375066,0.0038187679779387394,0.0,1.0,0.35013443558957125,1916,6,2120.0
surgical_mask,2020-06-01,2020-06-01,calibration,Robust priority,20,0.0,0.011301514187263984,1.0,0.9864767509848409,0.12424137271649424,0.01339420533079276,0.0,1.0,0.329600077545918,2053,29,36740.0
surgical_mask,2020-07-01,2020-07-01,validation,Robust priority,4,0.0,0.0008216095195015805,1.0,0.9979212437532615,0.12487491790437191,0.0018922905838477857,0.0,1.0,0.315565944731044,2038,6,2465.0
surgical_mask,2020-08-01,2020-08-01,validation,Robust priority,1,0.0,0.00025110876899204376,1.0,0.9991582884955726,0.11329456824939788,0.002207505518763797,0.0,1.0,0.2153704939683329,513,1,50.0
surgical_mask,2020-10-01,2020-10-01,validation,Robust priority,1,0.0,0.030490767939328527,1.0,0.9491605348443081,0.27894294565112987,0.09090909090909091,0.0,1.0,0.2520309734957411,65,1,500.0
surgical_mask,2020-12-01,2020-12-01,validation,Robust priority,2,0.5,0.1353690716424538,0.5964302051021374,0.8449555625246286,0.4813742323672412,0.19444444444444442,0.0,1.0,0.18724631804456948,44,2,7000.0
surgical_mask,2021-02-01,2021-02-01,test,Robust priority,2,0.1,0.06819517056664322,0.8749298275892526,0.9488339190470985,0.2595803379287363,0.5158730158730158,0.5,1.0,0.20150292106347692,113,2,5000.0
surgical_mask,2021-03-01,2021-03-01,test,Robust priority,9,0.045934772622875514,0.07811043333485454,0.9472951960124909,0.9252884284900631,0.29917666811277516,0.1681961579575164,0.1111111111111111,1.0,0.20843509004614152,170,9,43540.0
surgical_mask,2021-05-01,2021-05-01,test,Robust priority,2,0.0,0.005045571419622839,1.0,0.9892147381824795,0.1871056486442482,0.014815627743634766,0.0,1.0,0.2405061941620752,148,2,6000.0
surgical_mask,2021-06-01,2021-06-01,test,Robust priority,4,0.0,0.015889943162579464,1.0,0.9730700427198412,0.22927860944440845,0.03343271973036038,0.0,1.0,0.17747729633164122,98,4,13000.0
surgical_mask,2021-07-01,2021-07-01,test,Robust priority,2,0.0,0.06349414177108713,1.0,0.9371959322983598,0.2744001479998798,0.18205128205128204,0.0,1.0,0.1976448672898916,79,2,4000.0
face_shield,2020-04-01,2020-04-01,calibration,Robust priority,2,0.0,0.0006586480206031409,1.0,0.9981186064494308,0.12404682468644214,0.0022009898400953036,0.0,1.0,0.4172979644956005,1467,2,490.0
face_shield,2020-05-01,2020-05-01,calibration,Robust priority,12,0.0,0.010320065466209716,1.0,0.9814992221272362,0.21788084195209861,0.01633580364778709,0.0,1.0,0.35877186974813524,1993,54,70330.0
face_shield,2020-06-01,2020-06-01,calibration,Robust priority,38,0.004702067288204297,0.007750490756613897,0.9959715677430045,0.9863245559677668,0.23634270842925859,0.021842857853885008,0.0,1.0,0.3182228173410724,2073,86,61675.0
face_shield,2020-07-01,2020-07-01,validation,Robust priority,9,0.0,0.0025248296360846096,1.0,0.9953243251119724,0.1445847132890096,0.004184593572786867,0.0,1.0,0.3257111159506974,2104,14,610.0
face_shield,2020-09-01,2020-09-01,validation,Robust priority,3,0.0,0.002935276188448288,1.0,0.9947312115998226,0.1364144788118019,0.007416848777649591,0.0,1.0,0.3065910180563436,344,3,1320.0
face_shield,2021-03-01,2021-03-01,test,Robust priority,2,0.0,0.0042121642991655005,1.0,0.9909661516977132,0.1760325987745026,0.019048455056179775,0.0,1.0,0.19456102842966677,95,2,350.0
face_shield,2021-04-01,2021-04-01,test,Robust priority,5,0.0,0.06168550747730828,1.0,0.9219435061746638,0.33594428874753396,0.08926698648808182,0.2,1.0,0.1990068202503935,123,5,1100.0
gown,2020-05-01,2020-05-01,calibration,Robust priority,7,0.0,0.00490522881618327,1.0,0.991536110118249,0.14266404380412348,0.006519049177545417,0.0,1.0,0.38804393431103024,1966,12,8450.0
gown,2020-06-01,2020-06-01,calibration,Robust priority,3,0.0,1.761324899267892e-05,0.9999999999999999,0.9999263586753152,0.10525352667751128,0.0012684565222100934,0.0,1.0,0.3057535526058336,1972,4,350.0
gown,2020-08-01,2020-08-01,validation,Robust priority,1,0.0,0.0011949158486506824,1.0,0.9966628773959064,0.12381117136871862,0.0037174721189591076,0.0,1.0,0.294160528204104,338,1,200.0
gown,2020-11-01,2020-11-01,validation,Robust priority,3,0.02912621359223301,0.03860288814044236,0.9821659009546247,0.9518283880289309,0.2870014233003389,0.19017094017094016,0.0,1.0,0.2526562918410385,21,3,10300.0
gown,2021-01-01,2021-01-01,test,Robust priority,11,0.0,0.03517224922716763,0.9999999999999999,0.9597673092689046,0.32754855847320885,0.14864826395668607,0.0,1.0,0.23794810155165153,100,11,30840.0
gown,2021-02-01,2021-02-01,test,Robust priority,6,0.0,0.04777280825414284,1.0,0.9455368273158201,0.2789333664164046,0.06378963654350005,0.0,1.0,0.19137450675388298,106,6,598.0
gown,2021-03-01,2021-03-01,test,Robust priority,3,0.0,0.0011702269400803347,1.0,0.9967942008627407,0.1809161049553872,0.01954501560949927,0.0,1.0,0.16797354294320052,130,3,814.0
gown,2021-04-01,2021-04-01,test,Robust priority,5,0.0,0.022742057043433545,1.0,0.9733578829415473,0.20073360985039568,0.03825143442405621,0.0,1.0,0.1762461703661981,157,5,2330.0
gown,2021-05-01,2021-05-01,test,Robust priority,2,0.0,0.003593412566480582,1.0,0.9914058236996404,0.17894918639286078,0.020173453996983406,0.0,1.0,0.1820020432573107,93,2,1200.0
gown,2021-06-01,2021-06-01,test,Robust priority,5,0.0,0.03712989931016178,1.0,0.9552960729704423,0.2390127739686361,0.07151211361737678,0.0,1.0,0.1732605272141871,58,5,4560.0
n95,2020-04-01,2020-04-01,calibration,Equal allocation,3,0.0,0.002146707213931601,1.0,0.9946172182992714,0.12715994555420293,0.0026702269692923898,0.0,1.0,0.30730955021522344,2136,4,405.0
n95,2020-05-01,2020-05-01,calibration,Equal allocation,54,0.0,0.03143001778400345,1.0,0.9661321074670997,0.3627151457434925,0.03153457408957176,0.05263157894736842,1.0,0.32378178263704255,2446,76,25122.0
n95,2020-06-01,2020-06-01,calibration,Equal allocation,11,0.0,0.007465190055637493,1.0,0.987476979963268,0.130934625268454,0.007372179463885775,0.0,1.0,0.31759398555409746,2546,19,1905.0
n95,2020-07-01,2020-07-01,validation,Equal allocation,3,0.0,0.006776888798644321,0.9999999999999999,0.986544108950906,0.18618464113603517,0.009998630499103454,0.0,1.0,0.2926014835549297,2492,10,2680.0
n95,2020-08-01,2020-08-01,validation,Equal allocation,1,0.0,0.0014367816091954023,1.0,0.996081880758601,0.5,0.0014367816091954023,0.0,1.0,0.1787497240185812,696,1,40.0
n95,2020-09-01,2020-09-01,validation,Equal allocation,2,0.0,0.013797814207650274,1.0,0.9736144520449606,0.21869375069728977,0.017543859649122806,0.0,1.0,0.2671139734530048,168,2,300.0
n95,2021-01-01,2021-01-01,test,Equal allocation,3,0.0,0.03125,1.0,0.9481478166434796,0.3088644148968134,0.03125,0.0,1.0,0.22615290607760555,96,3,720.0
n95,2021-02-01,2021-02-01,test,Equal allocation,1,0.0,0.006756756756756757,1.0,0.9852681562620377,0.13927752948720412,0.006756756756756757,0.0,1.0,0.20175336052283388,148,1,1000.0
n95,2021-03-01,2021-03-01,test,Equal allocation,3,0.9157509157509157,0.016832169890873116,0.20847368918719003,0.9748828252675952,0.15768481081633104,0.024,0.0,1.0,0.21695698213426112,203,3,5460.0
n95,2021-04-01,2021-04-01,test,Equal allocation,1,0.0,0.0063291139240506345,1.0,0.9860562163374623,0.13708731878239783,0.006329113924050633,0.0,1.0,0.2090992800613063,158,1,500.0
n95,2021-05-01,2021-05-01,test,Equal allocation,2,0.0,0.012734378995096506,1.0,0.9808161165046269,0.2501126769473529,0.01282051282051282,0.0,1.0,0.1904103414318329,161,2,1121.0
surgical_mask,2020-04-01,2020-04-01,calibration,Equal allocation,12,0.0,0.022219681986082054,1.0,0.9715385695125185,0.20783887978459448,0.022838304552590265,0.04,1.0,0.35197793298544156,1691,25,15680.0
surgical_mask,2020-05-01,2020-05-01,calibration,Equal allocation,4,0.0,0.003168981486036256,0.9999999999999999,0.9928675817448246,0.13475081174984305,0.0031779661016949155,0.0,1.0,0.35013443558957125,1916,6,2120.0
surgical_mask,2020-06-01,2020-06-01,calibration,Equal allocation,20,0.0,0.014005553266058195,1.0,0.9838908078870884,0.1238939521796139,0.014513860687566573,0.0,1.0,0.329600077545918,2053,29,36740.0
surgical_mask,2020-07-01,2020-07-01,validation,Equal allocation,4,0.0,0.0032463280795643583,1.0,0.992826072509083,0.13732210904421185,0.0035587188612099642,0.0,1.0,0.315565944731044,2038,6,2465.0
surgical_mask,2020-08-01,2020-08-01,validation,Equal allocation,1,0.0,0.0019493177387914227,1.0,0.9948958846860652,0.38685280723454163,0.001949317738791423,0.0,1.0,0.2153704939683329,513,1,50.0
surgical_mask,2020-10-01,2020-10-01,validation,Equal allocation,1,0.0,0.015384615384615385,1.0,0.9708200180544899,0.19342640361727081,0.015384615384615385,0.0,1.0,0.2520309734957411,65,1,500.0
surgical_mask,2020-12-01,2020-12-01,validation,Equal allocation,2,0.0,0.03185145025752237,0.9999999999999999,0.9473555105034862,0.21061324491948152,0.038856304985337244,0.0,1.0,0.18724631804456948,44,2,7000.0
surgical_mask,2021-02-01,2021-02-01,test,Equal allocation,2,0.0,0.017889610389610396,1.0,0.9702849468686829,0.15846973691502425,0.01834862385321101,0.0,1.0,0.20150292106347692,113,2,5000.0
surgical_mask,2021-03-01,2021-03-01,test,Equal allocation,9,0.0,0.055757644899619804,1.0,0.9295672092693326,0.24342371014956105,0.07224104351810937,0.1111111111111111,1.0,0.20843509004614152,170,9,43540.0
surgical_mask,2021-05-01,2021-05-01,test,Equal allocation,2,0.0,0.013513513513513516,1.0,0.9737713924699748,0.22464304137427843,0.013513513513513514,0.0,1.0,0.2405061941620752,148,2,6000.0
surgical_mask,2021-06-01,2021-06-01,test,Equal allocation,4,0.0,0.040816326530612235,1.0,0.9364930060036587,0.4271527832480314,0.04081632653061224,0.25,1.0,0.17747729633164122,98,4,13000.0
surgical_mask,2021-07-01,2021-07-01,test,Equal allocation,2,0.0,0.026799841772151896,1.0,0.9555830184268008,0.26906063344306486,0.03125,0.0,1.0,0.1976448672898916,79,2,4000.0
face_shield,2020-04-01,2020-04-01,calibration,Equal allocation,2,0.0,0.0014329867357285068,1.0,0.9961042739734797,0.16554342796730173,0.0014771048744460858,0.0,1.0,0.4172979644956005,1467,2,490.0
face_shield,2020-05-01,2020-05-01,calibration,Equal allocation,12,0.0,0.025730385077071705,1.0,0.9621569002470581,0.2384907202899003,0.026737375677855897,0.018518518518518517,1.0,0.35877186974813524,1993,54,70330.0
face_shield,2020-06-01,2020-06-01,calibration,Equal allocation,38,0.0,0.033351608066039005,1.0,0.96000855865435,0.26733226475407995,0.04158787823405276,0.023255813953488372,1.0,0.3182228173410724,2073,86,61675.0
face_shield,2020-07-01,2020-07-01,validation,Equal allocation,9,0.0,0.006579064865596776,1.0,0.9870191845496973,0.2590339319688733,0.017481410698356264,0.07142857142857142,1.0,0.3257111159506974,2104,14,610.0
face_shield,2020-09-01,2020-09-01,validation,Equal allocation,3,0.0,0.009300630140413421,1.0,0.983670323124347,0.14002868098283397,0.011111111111111112,0.0,1.0,0.3065910180563436,344,3,1320.0
face_shield,2021-03-01,2021-03-01,test,Equal allocation,2,0.0,0.02105263157894738,1.0,0.9630839894293824,0.3360258830505379,0.021052631578947368,0.0,1.0,0.19456102842966677,95,2,350.0
face_shield,2021-04-01,2021-04-01,test,Equal allocation,5,0.0,0.04551141102433844,1.0,0.9322239867583145,0.32426122583432215,0.052083333333333336,0.0,1.0,0.1990068202503935,123,5,1100.0
gown,2020-05-01,2020-05-01,calibration,Equal allocation,7,0.0,0.005972048185265601,1.0,0.9883819636464346,0.1477832497259165,0.005642985961039163,0.0,1.0,0.38804393431103024,1966,12,8450.0
gown,2020-06-01,2020-06-01,calibration,Equal allocation,3,0.0,0.0020283975659229204,0.9999999999999999,0.9950826657251306,0.12571930068534798,0.002028397565922921,0.0,1.0,0.3057535526058336,1972,4,350.0
gown,2020-08-01,2020-08-01,validation,Equal allocation,1,0.0,0.0029585798816568042,1.0,0.9926909616568809,0.12609168068946533,0.0029585798816568047,0.0,1.0,0.294160528204104,338,1,200.0
gown,2020-11-01,2020-11-01,validation,Equal allocation,3,0.7766990291262136,0.0892279241793805,0.4725473213063284,0.892975957731232,0.3070816371841094,0.1142857142857143,0.0,1.0,0.2526562918410385,21,3,10300.0
gown,2021-01-01,2021-01-01,test,Equal allocation,11,0.0,0.10406884833575784,0.9999999999999999,0.8759064396069934,0.41729860959489923,0.11956521739130435,0.09090909090909091,1.0,0.23794810155165153,100,11,30840.0
gown,2021-02-01,2021-02-01,test,Equal allocation,6,0.0,0.06003271085305959,1.0,0.915037967208193,0.27418615200324925,0.06521739130434782,0.0,1.0,0.19137450675388298,106,6,598.0
gown,2021-03-01,2021-03-01,test,Equal allocation,3,0.0,0.02307692307692307,1.0,0.9606074452103793,0.18336415915096865,0.023076923076923078,0.0,1.0,0.16797354294320052,130,3,814.0
gown,2021-04-01,2021-04-01,test,Equal allocation,5,0.0,0.0382361420018903,0.9999999999999999,0.9458106092825679,0.3859625913810069,0.05598739495798319,0.2,1.0,0.1762461703661981,157,5,2330.0
gown,2021-05-01,2021-05-01,test,Equal allocation,2,0.0,0.021505376344086016,1.0,0.9627761348201995,0.2621502345634314,0.021505376344086023,0.0,1.0,0.1820020432573107,93,2,1200.0
gown,2021-06-01,2021-06-01,test,Equal allocation,5,0.0,0.09049661771984821,1.0,0.8984363830433909,0.39198310349956017,0.09090909090909091,0.2,1.0,0.1732605272141871,58,5,4560.0
