trial,mu_true,mu_partial,sigma_exact,sigma_partial,beta_partial,diagonal_memory,partial_to_exact,exact_to_partial,partial_self,physical_mix,partial_coefficient,temperature,weight_demand,weight_backlog,weight_inventory,weight_route,weight_capacity,calibration_objective,calibration_raw_score,regularization_penalty,calibration_shortlist,selected,validation_objective,validation_overlap,validation_priority_overlap,validation_ndcg_all
0,0.82,0.62,0.22,0.25,0.82,0.42,0.24,0.12,0.88,0.45,0.75,0.3,1.0,1.0,1.0,1.0,1.0,0.004736389536143669,0.004736389536143669,0.0,False,False,,,,
1,0.8571738581613163,0.6625078945076901,0.22597485343020998,0.2922105949721513,0.8860616498531773,0.49351598467421376,0.26001034334332873,0.17751594153009384,0.8327598888996707,0.5190275585626551,0.75,0.28131103535497404,0.5922804880665461,1.0141290966403607,1.0697946624945451,0.9408342253885582,1.5563852565427478,0.00333804223838444,0.004544097674801774,0.001206055436417334,False,False,,,,
2,0.8586262299932371,0.5732639904518754,0.25672917520550004,0.23819837085221554,0.7191212007803642,0.3532320581344446,0.3412473329242021,0.16400782814985537,0.9047753368184812,0.4113043009754009,0.25,0.2023951140644651,1.9707884267703706,0.5510767733975603,0.9884815531474477,1.9347469153691477,1.208967242995011,0.00433014913844581,0.005482703088592581,0.0011525539501467715,False,False,,,,
3,0.8402272297470117,0.6361054099197772,0.2154153776501409,0.2546829372632825,0.7866800004388209,0.4819635496631999,0.3039723475919089,0.08920326553207684,0.885594004380311,0.4637860635680675,0.25,0.36971118803548053,0.5732063705224195,1.4914592309412031,0.6819439288263169,1.7875231600900063,0.584659863296435,0.0037964431832929525,0.004220455711309053,0.00042401252801610066,False,False,,,,
4,0.7759999722981488,0.5849225287456454,0.2267698254573175,0.28073884449229247,0.7713931085084087,0.3841233439007341,0.2254401429320601,0.16622039366862945,0.844537949743821,0.41288534656670695,1.0,0.25683227331031727,0.869278692387338,1.2311293450489058,1.3924356608566983,1.1694836306374061,1.7819836017373711,0.003865681638569882,0.004597478892257764,0.0007317972536878816,False,False,,,,
5,0.8638030204685163,0.5764995547916488,0.2558713797634653,0.20519997997325118,0.9486601616694934,0.4509059511246072,0.29119207622086646,0.10151640627190969,0.8340347275124488,0.5353968422132237,0.25,0.2225832171133009,1.0119815471738556,0.9256639809402131,0.5290147136493857,0.5584902781439867,1.0399025192563964,0.00366306056957187,0.00467351332608138,0.0010104527565095096,False,False,,,,
6,0.7681764443870961,0.5698965673211275,0.2770021501473985,0.2082233462697144,0.7650801129112355,0.36916352978154393,0.15562961327518116,0.09190313871187836,0.8139707369397249,0.4587536389793794,0.5,0.2336511335008165,0.577526152890112,1.5587560736532948,1.3429661017552101,1.410069452288738,1.9850959716271936,0.0026478880335621055,0.004350496365052815,0.0017026083314907092,False,False,,,,
7,0.8164610671961604,0.6560476688812791,0.213539631431235,0.23455951605572362,0.7225173067380113,0.4568216749410856,0.23944037848642039,0.07290728265299162,0.8924567950838276,0.4050040815947992,0.75,0.21208160817140886,1.5781404382234547,1.298848918984475,1.5210045289777474,0.7879619298485757,0.6239726712137637,0.0043706404315845306,0.004788160466359889,0.000417520034775358,False,False,,,,
8,0.7707183812556495,0.6798420255230181,0.2348315721219013,0.24171183009218253,0.9248034418318323,0.4541970646143332,0.2803937756332402,0.06627388254959053,0.8562876302411107,0.4804262191858235,0.25,0.3857768573757528,1.5744625637267862,0.8026086912652487,1.0875729054822387,1.5580606025041177,1.1922948749405515,0.004190211324498188,0.005126908405398971,0.0009366970809007833,False,False,,,,
9,0.8771297221533287,0.5750383383997293,0.2663524353254651,0.20269655433550557,0.821777594458589,0.40378680784228876,0.3010122885653713,0.1387923794363584,0.8156360933670873,0.48803556654525343,1.0,0.3821593215169834,0.929233027736898,1.4362295114672703,0.6374309741875961,1.727920995108809,1.6203349440148986,0.0029849097528044186,0.004380456588214448,0.0013955468354100292,False,False,,,,
10,0.8696096571859734,0.6621427214686317,0.24180487379132803,0.2773866590094191,0.8898599412945237,0.3938423396236131,0.1543573393570787,0.11142106656759507,0.9132395221287117,0.44247965906458864,1.0,0.2220637973757521,0.6373743456090503,1.8759426555245882,0.9809652510907996,0.5018085068491158,0.5529269739275201,0.003436841741239544,0.0042272669773815675,0.0007904252361420236,False,False,,,,
11,0.7836054922319071,0.644845272427341,0.2531592147220528,0.23603231908456873,0.7657231831000925,0.4786999195045598,0.2658271387613297,0.16131499140018574,0.8776962739877134,0.5437424432003729,0.75,0.388262772691813,0.9842061483222418,1.6579140323417336,0.5475186801979863,0.8479633487245256,0.813174313854779,0.0036406509682168587,0.0043022740287685535,0.0006616230605516948,False,False,,,,
12,0.8129243687947932,0.6083420049320044,0.18704350881063914,0.2575600836734479,0.7047299600264192,0.42784358388777594,0.21053067674407897,0.06055160367424773,0.9356043029573026,0.43106252545460033,0.75,0.31270361875365554,1.3133182704070427,1.1453533671499485,1.9193121074096566,0.7288436313107813,0.7546482309624851,0.004100258558117134,0.004785127219419413,0.0006848686613022795,False,False,,,,
13,0.8147745504785904,0.6181700226629093,0.20243085984917522,0.22027713378715247,0.8282129059269303,0.42682117528076924,0.21783897153937834,0.1263214348981912,0.8733490491431388,0.4016865048800295,0.75,0.3303097134080471,1.2860958039180803,0.751865341591071,1.6251998565367505,1.0903956449804126,0.7516683962889487,0.004895306510892851,0.005066202499970503,0.00017089598907765234,True,False,0.02420994076529777,0.01872399445214979,0.01842821385381369,0.18464450380816988
14,0.8092540341795058,0.6177292226699049,0.18779987897204536,0.2237820922621753,0.8338650552358905,0.4204381379935245,0.1988146484108278,0.12901744240159072,0.8726703578323585,0.4320455069300408,0.75,0.33194613599509626,1.2044075518549393,0.7060725774647371,1.9604140959117595,1.1388009312791627,0.8664461006864171,0.0048033752584993135,0.005076679887563921,0.000273304629064608,True,False,0.023905001912271583,0.01872399445214979,0.018812873172707165,0.1808818846515597
15,0.7948831006683028,0.602882124343623,0.18253086614888586,0.22105417520392107,0.8539411248676441,0.43012206086183413,0.1891831006401027,0.13583612427622083,0.8614597192412603,0.42729568418312297,0.5,0.34696186557662856,1.2507776568037836,0.6479458848489458,1.856426484181418,1.1931102122740533,0.761719821469456,0.00468877043247559,0.005153928115057872,0.00046515768258228204,False,False,,,,
16,0.8020492699299487,0.6281135308297727,0.20119521765772574,0.22149219340881224,0.8317521158729303,0.4044285378657534,0.1971013366962788,0.1329426390488627,0.9069689721524491,0.4269371703367315,0.75,0.337306160947215,0.7590566976162921,0.7329282682541477,1.6798192669431797,1.1943726072544203,0.881880515728346,0.00458015849508458,0.0048723363099731866,0.00029217781488860654,False,False,,,,
17,0.835614852575898,0.5988006993761925,0.1999643357837416,0.22493180672296847,0.861549677701683,0.43832459677661584,0.12701897969193807,0.14868427525913724,0.8647900863593899,0.400594011631276,0.75,0.33924008082217344,1.2178484037077868,0.5570874260726077,1.2287163996529742,1.3542996371693654,0.6735711016869865,0.004669447820080788,0.005237939102252825,0.0005684912821720367,False,False,,,,
18,0.8297110448071298,0.6158340589466642,0.19807258567934155,0.21441202078636482,0.7946448784662524,0.34237252929670464,0.16562610978670855,0.12073466861142065,0.8694112424136632,0.4823926035515732,0.75,0.31421214920102275,1.4149585739384063,0.672864264374792,1.6416644244253726,1.0238158174922896,0.5034032058052638,0.004507169845019307,0.00515675461820384,0.000649584773184533,False,False,,,,
19,0.7982039713645473,0.5903754023034683,0.19148632409075403,0.26595386888795713,0.8540541687464798,0.4140504547628416,0.17648929834277882,0.14737762070809893,0.9359398193659787,0.4195578997407188,0.5,0.36084855061965987,1.8186515971537531,0.8503876383304344,1.8873988118370562,0.6446760889583946,0.9536064148612333,0.004572355976273924,0.005177118278555002,0.0006047623022810778,False,False,,,,
20,0.8473661102672682,0.6325630809351067,0.20579707026241198,0.2289409098964402,0.8905847396314546,0.37876640743417145,0.21168297248427645,0.12511127159401556,0.8494007496498438,0.4398013363418697,0.75,0.28126043782342924,1.1405833239261562,0.5048059367206575,0.8193392006851418,1.1089994681092952,0.686737105128795,0.004899216811968018,0.0052209785941114565,0.0003217617821434386,True,False,0.041121580006844564,0.0498676081200353,0.01742485554012696,0.1816155455859122
21,0.8445134121171767,0.6358328059578743,0.20757755570604433,0.22385302751372205,0.9020955908633581,0.38561289301898405,0.2232321322195741,0.12542036604699747,0.8495975262630359,0.4392488679090164,0.75,0.2758207435044868,1.1387717789107858,0.6154775908825646,0.823799333851626,1.075349322513612,0.6926647569274703,0.004777749537052537,0.005081757803298173,0.0003040082662456351,True,False,0.01648268391116755,0.005736981465136805,0.016827379819698354,0.18042377995738848
22,0.8085682255065214,0.620991753578082,0.19145124285833454,0.2288340649070656,0.8380636910572887,0.3729479340814514,0.19772645607632738,0.10737660206525647,0.8371257383852958,0.4594974179933362,0.75,0.3228445417815146,1.4981146547173674,0.5200578345299536,0.7893468946969356,1.3697764871480442,0.8471214501451463,0.004908083770903205,0.005355338645340743,0.0004472548744375383,True,True,0.04127647599596899,0.0498676081200353,0.01775255242541065,0.18324128231990636
23,0.8265603597544245,0.6332587722797118,0.20722986052981177,0.21217158490966093,0.8738781457309482,0.3697897029258577,0.1279601408771141,0.10734098892201172,0.8336022701159684,0.5039230997586082,0.75,0.29242600133883123,1.4976068626771275,0.5238291793064499,0.8045443474746317,1.3740791342019072,0.673945958639417,0.004574108261212542,0.005339081049946836,0.0007649727887342934,False,False,,,,
24,0.84991308676047,0.6255829229801122,0.19506625538917838,0.22985813295714164,0.9193477422108515,0.36703893197500914,0.21442620115485655,0.09202433625193,0.8001972317000242,0.46766479189742366,0.75,0.25599479550767557,1.7245193257483562,0.5027422157947159,0.8066765824603865,0.9082249252921009,1.084576079234978,0.004599586368614183,0.005433628681670897,0.000834042313056714,False,False,,,,
25,0.7886905767189492,0.6457804908725873,0.20658801551680148,0.24666464913057654,0.806533583146213,0.3535944658244323,0.23941356033952987,0.11573174188520052,0.8421652894975651,0.4505170303704202,0.75,0.31957392328994505,1.378548881485391,0.5909297316951416,0.7026887039127547,1.5512842715213282,0.7640876330935518,0.004748631849865007,0.005223493691273725,0.0004748618414087179,False,False,,,,
26,0.7600691831868581,0.6093328420677603,0.18013803964863692,0.21358858797954428,0.847277874098083,0.38204375839612387,0.18111191302097862,0.10216590776476864,0.8157500406799201,0.47273230338021127,0.75,0.2661136789209914,1.0560002580677303,0.7897844331155126,0.6139107987310344,1.291343849964276,0.8907599112111687,0.003705577391834907,0.004828060084473219,0.0011224826926383119,False,False,,,,
27,0.80586845302808,0.6463442124199886,0.2137002822317527,0.23068396346660192,0.8702139358430913,0.4028496183357122,0.25175605763013503,0.08142384447661302,0.8537832709919693,0.5024272281553345,0.5,0.29900579545815237,0.8486081469852425,0.5953645066408816,0.8605469257959037,1.5052674565795536,0.6158177322199524,0.004655131984390184,0.004974683524626026,0.0003195515402358427,False,False,,,,
28,0.8268699259613259,0.6110913813730355,0.19355744076173542,0.2432001348032492,0.9034003868141091,0.35550655768933104,0.20779896877759418,0.1434779613928419,0.8235854397200936,0.4509180945498267,1.0,0.35860690128736694,1.113523083931413,0.5113774081661635,0.7404076676090381,1.2584953412640587,1.351901980197011,0.00464396069422756,0.005224546452493489,0.0005805857582659287,False,False,,,,
29,0.8206118785214926,0.6229698853111709,0.22207224468724604,0.2178212076565852,0.8052332301107703,0.3434934175245067,0.144181517037569,0.12281095207862262,0.8928980405058107,0.43955727759182417,0.75,0.32544605416934225,0.7412154063787433,1.0032924106269987,0.9327339114137588,1.0254723572435192,0.9793025436394763,0.004027805843491919,0.0046549186114454855,0.0006271127679535661,False,False,,,,
30,0.8504653400737207,0.6307969554397516,0.2032767344689801,0.25173320316176306,0.835746962022181,0.37323063370624865,0.22794064492637967,0.11518987834414068,0.8442803540763123,0.4537512829493546,0.75,0.3067035852249649,1.6434141088401613,0.7475020046839802,1.2084184041042934,0.8791926145714566,0.5086102898491665,0.004850688267228345,0.005170049473701848,0.0003193612064735031,True,False,0.024055395288018578,0.01872399445214979,0.01942110892490373,0.18776265408203396
31,0.850214243977434,0.6292988131948821,0.20375389321335174,0.2665637646850281,0.8350558835267533,0.3752114680008242,0.22910464565388133,0.11337898761205961,0.8413001061756018,0.45788899480747175,0.75,0.30323383994030534,1.7232264045201195,0.7258114590188933,1.1845994192654852,0.9309159015801048,0.5005398770153612,0.004856746705341688,0.005210630989396375,0.0003538842840546865,True,False,0.024084974064219847,0.01872399445214979,0.019542860525499358,0.18766690802578506
32,0.8388145782687825,0.642075349604822,0.21213680283430322,0.2998581428072536,0.8174884843010496,0.392521364623677,0.24805753540051612,0.10359683669364739,0.8266066699446285,0.4931728276280304,0.75,0.28609294304281724,1.945085950541606,0.8795649239312309,1.1767334589595937,0.9883017796011443,0.5559572541398865,0.004607321722084496,0.005242258437901347,0.0006349367158168512,False,False,,,,
33,0.854841349154852,0.6178903769608312,0.2203909020552801,0.26251602706326704,0.874579338252105,0.3611868691791297,0.2652330564415992,0.09750864096015714,0.8572370408925469,0.47306015879897007,0.75,0.30021019220722117,1.4189857547084674,0.6524354032115605,0.9211160277664872,0.7947256407825083,0.7117058616789036,0.004755912322426818,0.005140944227569829,0.00038503190514301076,False,False,,,,
34,0.8649742073092683,0.6539837364565066,0.23052724938311356,0.28234698992918805,0.8437489475706775,0.3779918738850242,0.33434555584796566,0.11544041490742998,0.8353040988051731,0.46262823414867654,0.75,0.2801446667598356,1.7186930076740934,0.5600829435363005,1.042213419023608,1.0771847483698127,0.6274197987835369,0.004562654798104807,0.005391672228945141,0.0008290174308403339,False,False,,,,
35,0.8202860501984492,0.5949392632240407,0.1916095254099875,0.27107113871544164,0.783196287141637,0.39486972911061297,0.22566319430145804,0.1284982232307217,0.8823288264360468,0.4157765768028475,0.25,0.3497415798589312,1.4785123696341709,0.612314268151912,1.3652948531296998,0.9682132310000201,0.834112027340435,0.005019129391986929,0.005271817396552897,0.0002526880045659682,True,False,0.024818616299843402,0.01872399445214979,0.019540292141118853,0.18868550075348542
