date,split,product,model,active_donors,active_recipients,supply_units,demand_units,allocated_units,service_level,recipient_coverage,fill_gini,unit_miles,holding_days,shipments,operational_score,mean_iterations,convergence_gap,contraction_bound,panel_ambiguity
2020-04-03 00:00:00+00:00,calibration,respirators,ACM-4 (coupled),1,24,20.0,48769.0,20.0,0.00041009657774405874,0.041666666666666664,0.9583333333333333,1237.3895,6.509027777777777,1,0.16679883750591412,6.0,3.376844207053642e-05,0.35324103548878744,0.31480155527035386
2020-04-24 00:00:00+00:00,calibration,respirators,ACM-4 (coupled),204,2438,21774.0,5187810.0,21774.0,0.0042009857686161655,0.007793273174733388,0.9974076168739505,151.20391880224125,4.661184150460625,204,0.19112836906039982,4.0,1.550283936918584e-06,0.3532410354887873,0.3275307927151882
2020-04-24 00:00:00+00:00,calibration,surgicalMasks,ACM-4 (coupled),112,1494,19401.0,4607787.0,19333.0,0.004195723456835136,0.00535475234270415,0.9973746839640911,166.29697219779658,4.022438930939422,112,0.19108495721125787,4.0,3.4151354340039575e-06,0.3532410354887874,0.33220230218266095
2020-04-24 00:00:00+00:00,calibration,faceShields,ACM-4 (coupled),115,2028,17787.0,2286152.0,17749.0,0.007763700751306125,0.005917159763313609,0.997080699422584,276.0115414107837,4.415694458138486,115,0.1882205698420118,4.0,1.8052167302939903e-06,0.3532410354887874,0.3268086699300167
2020-04-24 00:00:00+00:00,calibration,gowns,ACM-4 (coupled),23,2069,3010.0,6474451.0,3010.0,0.00046490428300407247,0.007249879168680522,0.9972912670436842,150.9284514950166,4.812638427464009,23,0.18946492045354413,4.0,1.677050693843496e-06,0.3532410354887873,0.3206676284679206
2020-05-01 00:00:00+00:00,calibration,respirators,ACM-4 (coupled),42,2952,4860.0,5393563.0,4860.0,0.00492192850812975,0.01016260162601626,0.9967036530372446,69.93326728395061,3.5217272328913274,42,0.19672194047928335,3.0,3.373728240338436e-05,0.3532410354887873,0.3175293635465093
2020-05-01 00:00:00+00:00,calibration,surgicalMasks,ACM-4 (coupled),46,1926,9239.0,4808549.0,9239.0,0.005918123102428767,0.007265179034769071,0.996509583713425,246.31050037882898,4.014628191482965,46,0.18968432410342478,3.0,8.91784576293464e-05,0.3532410354887874,0.32070507147189437
2020-05-01 00:00:00+00:00,calibration,faceShields,ACM-4 (coupled),31,2448,8157.0,2437048.0,7341.0,0.010220804408674119,0.010208248264597795,0.9949148445804605,98.84771774962542,3.441644696264512,31,0.1981153762743316,3.0,4.749804364037602e-05,0.3532410354887874,0.315698307932008
2020-05-01 00:00:00+00:00,calibration,gowns,ACM-4 (coupled),5,2496,634.0,6857623.0,634.0,0.0005311463242531702,0.008012820512820512,0.9973914969837665,99.4275212933754,2.1920009091307393,5,0.19574322138661004,3.0,4.0911118133868385e-05,0.3532410354887874,0.30155599571910113
2020-05-08 00:00:00+00:00,calibration,respirators,ACM-4 (coupled),13,3086,2546.0,5407386.0,2546.0,0.005373534239718515,0.011989630589760207,0.9958969084420546,94.11205263157896,4.793026747657909,13,0.1945733166091148,3.0,1.0356739916839164e-05,0.3532410354887874,0.2973946999121228
2020-05-08 00:00:00+00:00,calibration,surgicalMasks,ACM-4 (coupled),26,2026,3475.0,4873840.0,3475.0,0.006536986283486578,0.009373458312777503,0.9959377308112158,401.2766529496403,3.1088995803357307,26,0.18688637588295728,3.0,2.6206239474191317e-05,0.3532410354887874,0.3095892161179941
2020-05-08 00:00:00+00:00,calibration,faceShields,ACM-4 (coupled),14,2535,1901.0,2436254.0,1901.0,0.010965960060844807,0.013002364066193853,0.9943947983512935,44.877722251446606,5.85206346075165,14,0.1969603541912845,3.0,1.3888347702023518e-05,0.3532410354887874,0.30279831644669647
2020-05-08 00:00:00+00:00,calibration,gowns,ACM-4 (coupled),2,2616,301.0,6986608.0,301.0,0.0005643573364737066,0.008409785932721712,0.9972736202001995,5.567702657807308,5.654522694413682,2,0.1932354529316233,3.0,2.3417282707272058e-05,0.3532410354887874,0.23202166464044527
2020-05-15 00:00:00+00:00,calibration,respirators,ACM-4 (coupled),16,3181,963.0,5467070.0,963.0,0.0054879036146331965,0.012889028607356178,0.9957840433577538,179.04802959501555,2.517827355197877,16,0.19582156816691293,3.0,8.38822017307228e-06,0.3532410354887874,0.295278908669862
2020-05-15 00:00:00+00:00,calibration,surgicalMasks,ACM-4 (coupled),11,2086,2640.0,4894908.0,2640.0,0.007040251027257201,0.010062290368950648,0.9956897204880084,371.8856761363636,1.3604402093855221,11,0.1911781268006547,3.0,1.723708507039845e-05,0.3532410354887873,0.29067728741896753
2020-05-15 00:00:00+00:00,calibration,faceShields,ACM-4 (coupled),17,2593,5370.0,2442782.0,5210.0,0.013038040338120144,0.016178736517719568,0.9927797858423766,75.95944337811902,2.630087483116514,17,0.2031365804948318,3.0,9.93041660124483e-06,0.3532410354887874,0.29873629760905546
2020-05-22 00:00:00+00:00,calibration,respirators,ACM-4 (coupled),2,3247,1200.0,5471505.0,1200.0,0.005700634789303899,0.01324299353249153,0.9955515341453531,86.36183333333334,0.5936226851851852,2,0.20232756481055553,3.0,1.0195714400140776e-05,0.3532410354887873,0.2689026286158171
2020-05-22 00:00:00+00:00,calibration,surgicalMasks,ACM-4 (coupled),5,2131,2590.0,4907743.0,2590.0,0.007542241367100798,0.010787992495309569,0.9951185890549046,166.50655598455597,1.3746719934219935,5,0.19847172626947657,3.0,1.4970619156562393e-05,0.3532410354887874,0.2723415959857582
2020-05-22 00:00:00+00:00,calibration,faceShields,ACM-4 (coupled),7,2636,1659.0,2439878.0,1659.0,0.01369697327633947,0.017796289284361985,0.9921620670303659,43.617712477396026,2.1594376144151983,7,0.20575761312179758,3.0,1.0705057683413344e-05,0.3532410354887874,0.2848711711098983
2020-05-22 00:00:00+00:00,calibration,gowns,ACM-4 (coupled),2,2747,324.0,7064934.0,324.0,0.0006039147084000165,0.008372770294867127,0.997030179895396,70.50692592592593,2.8576706104252403,2,0.19578551152767135,3.0,1.7935714062000674e-05,0.3532410354887874,0.24089747411011925
2020-05-29 00:00:00+00:00,calibration,respirators,ACM-4 (coupled),5,3358,1072.0,5496142.0,1072.0,0.005867927754022837,0.0136986301369863,0.9950323546455433,30.062240671641792,3.164506331191266,5,0.20019570941133907,3.0,9.152077431129335e-06,0.3532410354887874,0.27777517060879625
2020-05-29 00:00:00+00:00,calibration,surgicalMasks,ACM-4 (coupled),5,2209,1155.0,4932389.0,1155.0,0.007733316484447848,0.01085972850678733,0.9950883664084875,44.804290043290045,6.181139019159852,5,0.19460854491451332,3.0,1.4129017318148529e-05,0.3532410354887874,0.2806160358723295
2020-05-29 00:00:00+00:00,calibration,faceShields,ACM-4 (coupled),5,2701,959.0,2447215.0,959.0,0.014033836139576594,0.018477457501847747,0.9918128854903343,92.24026381647549,3.7235356563549993,5,0.20188806170510604,3.0,1.110644150981166e-05,0.35324103548878744,0.2806279178039536
2020-05-29 00:00:00+00:00,calibration,gowns,ACM-4 (coupled),1,2821,50.0,7142543.0,50.0,0.0006043253971141258,0.00815313718539525,0.9970250583067752,94.5685,5.508599537037037,1,0.19051150396225533,3.0,1.6155826474240076e-05,0.3532410354887873,0.23786604643220158
2020-06-05 00:00:00+00:00,calibration,surgicalMasks,ACM-4 (coupled),1,2467,250.0,5086192.0,250.0,0.007548261101692534,0.01012965964343598,0.9954191570275952,14.096,6.902337962962963,1,0.19411671161932742,3.0,2.5459752588441464e-05,0.3532410354887873,0.20946328071331288
2020-06-05 00:00:00+00:00,calibration,faceShields,ACM-4 (coupled),3,2850,2112.0,2464425.0,2112.0,0.014776868525041972,0.018563922942206657,0.9917196829801946,212.85514204545456,1.1651982937008978,3,0.2024317795655941,3.0,1.1116701707836185e-05,0.3532410354887874,0.2818788366925782
2020-06-12 00:00:00+00:00,validation,respirators,ACM-4 (coupled),4,4166,1945.0,5780650.0,1945.0,0.005914243469689502,0.01200192030724916,0.9956659428908323,8.17105526992288,2.9401088677044656,4,0.2007647267578656,3.0,1.6060828869457477e-05,0.3532410354887873,0.2977539286539848
2020-06-12 00:00:00+00:00,validation,faceShields,ACM-4 (coupled),2,3071,206.0,2493588.0,206.0,0.014675645588908836,0.017874553136171596,0.9921895440601807,18.0171213592233,2.3599804476806905,2,0.20663333397001626,3.0,1.4832195977532159e-05,0.35324103548878744,0.25376576909284443
2020-06-19 00:00:00+00:00,validation,respirators,ACM-4 (coupled),1,4538,1000.0,5865462.0,1000.0,0.0059967707609797005,0.01123843102688409,0.995948811709785,5.1795,5.979548611111111,1,0.19558015082925506,3.0,1.1578898767183876e-05,0.3532410354887873,0.24481747826384276
2020-06-19 00:00:00+00:00,validation,surgicalMasks,ACM-4 (coupled),3,3162,1110.0,5491492.0,1110.0,0.007195433633733767,0.008852355358836548,0.9961115164341898,8.606662162162163,3.564568005505506,3,0.19928135191009674,3.0,2.4308463053956952e-05,0.3532410354887874,0.27883010791036766
2020-06-19 00:00:00+00:00,validation,faceShields,ACM-4 (coupled),4,3257,850.0,2516910.0,850.0,0.014873258009739054,0.018081520073551946,0.9922895722718006,109.8225294117647,1.6092824074074075,4,0.2049252175413654,3.0,1.2008008301034323e-05,0.3532410354887873,0.26897002772414014
2020-06-19 00:00:00+00:00,validation,gowns,ACM-4 (coupled),1,3628,100.0,7610265.0,100.0,0.0005803337385207124,0.006615214994487321,0.997648224515453,122.02849999999998,3.3454282407407407,1,0.19268394525277893,3.0,1.5215631661846807e-05,0.3532410354887874,0.25357190166177046
2020-06-26 00:00:00+00:00,validation,respirators,ACM-4 (coupled),1,4648,800.0,5889313.0,800.0,0.00610664552576817,0.011187607573149742,0.9958860317472431,14.095999999999998,5.375034722222222,1,0.1963287636074873,3.0,1.2960096706426949e-05,0.3532410354887874,0.21629367452714973
2020-06-26 00:00:00+00:00,validation,surgicalMasks,ACM-4 (coupled),1,3257,600.0,5522913.0,600.0,0.007261215541719362,0.008901166359729895,0.996025377524774,21.963,3.279421296296296,1,0.19936383936408564,3.0,1.4343173751374394e-05,0.3532410354887873,0.24855696722972861
2020-06-26 00:00:00+00:00,validation,faceShields,ACM-4 (coupled),3,3325,302.0,2523605.0,302.0,0.014947345244675968,0.018613029120384268,0.9923265259569956,5.1795,0.9761710510179051,3,0.20961992117263706,3.0,9.595563629893888e-06,0.3532410354887873,0.28679989577703313
2020-07-03 00:00:00+00:00,test,respirators,ACM-4 (coupled),1,4727,3.0,5902828.0,3.0,0.006092431598004246,0.011212185318383753,0.9959502657442638,5.1795,0.7224652777777778,1,0.20436858544374836,3.0,1.2802945753509487e-05,0.35324103548878744,0.20589924548716154
2020-07-03 00:00:00+00:00,test,surgicalMasks,ACM-4 (coupled),3,3325,1330.0,5567890.0,1330.0,0.007439354868389285,0.009621166566446182,0.9958259232295708,54.17802631578948,1.8442693539404065,3,0.20096416473253997,3.0,9.050740923055578e-06,0.3532410354887874,0.28772025712050747
2020-07-03 00:00:00+00:00,test,faceShields,ACM-4 (coupled),2,3379,30.0,2528258.0,30.0,0.014930176614727881,0.018906942392909895,0.9924323771204253,11.998083333333334,3.9287017746913575,2,0.2045180495870338,3.0,1.2263105468091062e-05,0.3532410354887874,0.2574791557975878
2020-07-10 00:00:00+00:00,test,respirators,ACM-4 (coupled),3,4791,65.0,5910326.0,65.0,0.006095677312520674,0.01168858275934043,0.9959526711409252,15.507807692307692,2.511090633903134,3,0.2011630205414502,3.0,6.257712962032258e-06,0.3532410354887874,0.286324443682052
2020-07-10 00:00:00+00:00,test,surgicalMasks,ACM-4 (coupled),6,3379,2730.0,5584876.0,2730.0,0.007900333380845762,0.011242603550295858,0.9953017319693698,31.9773663003663,1.6547475749559084,6,0.2026915963420573,3.0,9.247792924771403e-06,0.3532410354887873,0.2795178609176374
2020-07-10 00:00:00+00:00,test,faceShields,ACM-4 (coupled),3,3419,95.0,2531082.0,95.0,0.014950566299304779,0.01956204379562044,0.9924139218623866,5.1795,4.622482334307992,3,0.20376363755733784,3.0,9.775279378787527e-06,0.3532410354887873,0.27767737499552325
2020-07-17 00:00:00+00:00,test,respirators,ACM-4 (coupled),2,4887,15.0,5926504.0,15.0,0.006081587830585608,0.011868221812973194,0.9960249695845342,11.123833333333334,5.719552469135802,2,0.1959872353840373,3.0,6.991352298535425e-06,0.3532410354887873,0.2753651007062082
2020-07-17 00:00:00+00:00,test,surgicalMasks,ACM-4 (coupled),1,3454,20.0,5607950.0,20.0,0.007867805580707104,0.011287988422575976,0.9954030080269425,122.02849999999998,6.857303240740741,1,0.19099867205226845,3.0,1.2975759906330708e-05,0.3532410354887873,0.2400993496368666
2020-07-17 00:00:00+00:00,test,faceShields,ACM-4 (coupled),3,3489,1202.0,2541115.0,1202.0,0.015357842458836478,0.020028612303290415,0.9922369924380241,5.527679700499169,5.9155838070807905,3,0.20189143711365926,3.0,1.0907551006633653e-05,0.3532410354887874,0.2657980401944221
2020-07-24 00:00:00+00:00,test,respirators,ACM-4 (coupled),1,4893,500.0,5926685.0,500.0,0.00616523907302227,0.012058042100960556,0.9958977928138795,5.1795,6.0881944444444445,1,0.19567314489728133,3.0,1.2350055096088663e-05,0.3532410354887873,0.20194062760464104
2020-07-24 00:00:00+00:00,test,faceShields,ACM-4 (coupled),1,3490,500.0,2539933.0,500.0,0.015551555717685534,0.02030892448512586,0.9921260036093713,5.1795,6.0881944444444445,1,0.2017754341598564,3.0,1.6271709172177573e-05,0.35324103548878744,0.20717039435145518
2020-04-03 00:00:00+00:00,calibration,respirators,ACM-4 (independent),1,24,20.0,48769.0,20.0,0.00041009657774405874,0.041666666666666664,0.9583333333333333,1237.3895,6.509027777777777,1,0.16679883750591412,6.0,3.331187040908623e-05,0.31374903716840097,0.31480155527035386
2020-04-24 00:00:00+00:00,calibration,respirators,ACM-4 (independent),204,2438,21774.0,5187810.0,21774.0,0.0042009857686161655,0.007793273174733388,0.9974076168739505,151.20391880224125,4.661184150460625,204,0.19112836906039982,4.0,4.146708437735569e-06,0.3322496720046854,0.3275307927151882
2020-04-24 00:00:00+00:00,calibration,surgicalMasks,ACM-4 (independent),112,1494,19401.0,4607787.0,19333.0,0.004195723456835136,0.00535475234270415,0.9973746839640911,166.29697219779658,4.022438930939422,112,0.19108495721125787,4.0,5.667832425670927e-06,0.3320871783665452,0.33220230218266095
2020-04-24 00:00:00+00:00,calibration,faceShields,ACM-4 (independent),115,2028,17787.0,2286152.0,17749.0,0.007763700751306125,0.005917159763313609,0.997080699422584,276.0115414107837,4.415694458138486,115,0.1882205698420118,4.0,4.859828616587958e-06,0.3321766222231757,0.3268086699300167
2020-04-24 00:00:00+00:00,calibration,gowns,ACM-4 (independent),23,2069,3010.0,6474451.0,3010.0,0.00046490428300407247,0.007249879168680522,0.9972912670436842,150.9284514950166,4.812638427464009,23,0.18946492045354413,4.0,5.246583724527465e-06,0.33131100367475125,0.3206676284679206
2020-05-01 00:00:00+00:00,calibration,respirators,ACM-4 (independent),42,2952,4860.0,5393563.0,4860.0,0.00492192850812975,0.01016260162601626,0.9967036530372446,69.93326728395061,3.5217272328913274,42,0.19672194047928335,4.0,1.0692033096670883e-06,0.3317796217521351,0.3175293635465093
2020-05-01 00:00:00+00:00,calibration,surgicalMasks,ACM-4 (independent),46,1926,9239.0,4808549.0,9239.0,0.005918123102428767,0.007265179034769071,0.996509583713425,246.31050037882898,4.014628191482965,46,0.18968432410342478,4.0,1.6425323085544896e-06,0.33151493309584795,0.32070507147189437
2020-05-01 00:00:00+00:00,calibration,faceShields,ACM-4 (independent),31,2448,8157.0,2437048.0,7341.0,0.010220804408674119,0.010208248264597795,0.9949148445804605,98.84771774962542,3.441644696264512,31,0.1981153762743316,4.0,1.2566678074810156e-06,0.33153432333236205,0.315698307932008
2020-05-01 00:00:00+00:00,calibration,gowns,ACM-4 (independent),5,2496,634.0,6857623.0,634.0,0.0005311463242531702,0.008012820512820512,0.9973914969837665,99.4275212933754,2.1920009091307393,5,0.19574322138661004,4.0,1.5259899553976553e-06,0.32919332814059504,0.30155599571910113
2020-05-08 00:00:00+00:00,calibration,respirators,ACM-4 (independent),13,3086,2546.0,5407386.0,2546.0,0.005373534239718515,0.011989630589760207,0.9958969084420546,94.11205263157896,4.793026747657909,13,0.1945733166091148,3.0,8.554975097668782e-05,0.33020424518988845,0.2973946999121228
2020-05-08 00:00:00+00:00,calibration,surgicalMasks,ACM-4 (independent),26,2026,3475.0,4873840.0,3475.0,0.006536986283486578,0.009373458312777503,0.9959377308112158,401.2766529496403,3.1088995803357307,26,0.18688637588295728,3.0,9.563874558604635e-05,0.33152377502872415,0.3095892161179941
2020-05-08 00:00:00+00:00,calibration,faceShields,ACM-4 (independent),14,2535,1901.0,2436254.0,1901.0,0.010965960060844807,0.013002364066193853,0.9943947983512935,44.877722251446606,5.85206346075165,14,0.1969603541912845,3.0,7.96803941300328e-05,0.3310713633882447,0.30279831644669647
2020-05-08 00:00:00+00:00,calibration,gowns,ACM-4 (independent),2,2616,301.0,6986608.0,301.0,0.0005643573364737066,0.008409785932721712,0.9972736202001995,5.567702657807308,5.654522694413682,2,0.1932354529316233,4.0,4.69750762860377e-06,0.30921387165005904,0.23202166464044527
2020-05-15 00:00:00+00:00,calibration,respirators,ACM-4 (independent),16,3181,963.0,5467070.0,963.0,0.0054879036146331965,0.012889028607356178,0.9957840433577538,179.04802959501555,2.517827355197877,16,0.19582156816691293,3.0,5.365128401668695e-05,0.33096065414719444,0.295278908669862
2020-05-15 00:00:00+00:00,calibration,surgicalMasks,ACM-4 (independent),11,2086,2640.0,4894908.0,2640.0,0.007040251027257201,0.010062290368950648,0.9956897204880084,371.8856761363636,1.3604402093855221,11,0.1911781268006547,3.0,7.761185222265876e-05,0.3299562988510385,0.29067728741896753
2020-05-15 00:00:00+00:00,calibration,faceShields,ACM-4 (independent),17,2593,5370.0,2442782.0,5210.0,0.013038040338120144,0.016178736517719568,0.9927797858423766,75.95944337811902,2.630087483116514,17,0.2031365804948318,3.0,5.1273628041803576e-05,0.33141309492094584,0.29873629760905546
2020-05-22 00:00:00+00:00,calibration,respirators,ACM-4 (independent),2,3247,1200.0,5471505.0,1200.0,0.005700634789303899,0.01324299353249153,0.9955515341453531,86.36183333333334,0.5936226851851852,2,0.20232756481055553,3.0,5.409421950908211e-05,0.32690013862909884,0.2689026286158171
2020-05-22 00:00:00+00:00,calibration,surgicalMasks,ACM-4 (independent),5,2131,2590.0,4907743.0,2590.0,0.007542241367100798,0.010787992495309569,0.9951185890549046,166.50655598455597,1.3746719934219935,5,0.19847172626947657,3.0,6.25398024309276e-05,0.3274950713418614,0.2723415959857582
2020-05-22 00:00:00+00:00,calibration,faceShields,ACM-4 (independent),7,2636,1659.0,2439878.0,1659.0,0.01369697327633947,0.017796289284361985,0.9921620670303659,43.617712477396026,2.1594376144151983,7,0.20575761312179758,3.0,4.368540238292029e-05,0.3298152142484516,0.2848711711098983
2020-05-22 00:00:00+00:00,calibration,gowns,ACM-4 (independent),2,2747,324.0,7064934.0,324.0,0.0006039147084000165,0.008372770294867127,0.997030179895396,70.50692592592593,2.8576706104252403,2,0.19578551152767135,4.0,2.1573185313150667e-06,0.32272510177650054,0.24089747411011925
2020-05-29 00:00:00+00:00,calibration,respirators,ACM-4 (independent),5,3358,1072.0,5496142.0,1072.0,0.005867927754022837,0.0136986301369863,0.9950323546455433,30.062240671641792,3.164506331191266,5,0.20019570941133907,3.0,3.114278108851121e-05,0.3284031180671036,0.27777517060879625
2020-05-29 00:00:00+00:00,calibration,surgicalMasks,ACM-4 (independent),5,2209,1155.0,4932389.0,1155.0,0.007733316484447848,0.01085972850678733,0.9950883664084875,44.804290043290045,6.181139019159852,5,0.19460854491451332,3.0,3.7386327269461894e-05,0.3291331458109818,0.2806160358723295
2020-05-29 00:00:00+00:00,calibration,faceShields,ACM-4 (independent),5,2701,959.0,2447215.0,959.0,0.014033836139576594,0.018477457501847747,0.9918128854903343,92.24026381647549,3.7235356563549993,5,0.20188806170510604,3.0,3.154157586715556e-05,0.32883901187391806,0.2806279178039536
2020-05-29 00:00:00+00:00,calibration,gowns,ACM-4 (independent),1,2821,50.0,7142543.0,50.0,0.0006043253971141258,0.00815313718539525,0.9970250583067752,94.5685,5.508599537037037,1,0.19051150396225533,3.0,4.247396064627207e-05,0.32209349234742574,0.23786604643220158
2020-06-05 00:00:00+00:00,calibration,surgicalMasks,ACM-4 (independent),1,2467,250.0,5086192.0,250.0,0.007548261101692534,0.01012965964343598,0.9954191570275952,14.096,6.902337962962963,1,0.19411671161932742,4.0,3.6167710829593247e-06,0.30898328499458527,0.20946328071331288
2020-06-05 00:00:00+00:00,calibration,faceShields,ACM-4 (independent),3,2850,2112.0,2464425.0,2112.0,0.014776868525041972,0.018563922942206657,0.9917196829801946,212.85514204545456,1.1651982937008978,3,0.2024317795655941,3.0,3.512100150337982e-05,0.32805521617696515,0.2818788366925782
2020-06-12 00:00:00+00:00,validation,respirators,ACM-4 (independent),4,4166,1945.0,5780650.0,1945.0,0.005914243469689502,0.01200192030724916,0.9956659428908323,8.17105526992288,2.9401088677044656,4,0.2007647267578656,3.0,9.349559621585346e-05,0.32972411490067577,0.2977539286539848
2020-06-12 00:00:00+00:00,validation,faceShields,ACM-4 (independent),2,3071,206.0,2493588.0,206.0,0.014675645588908836,0.017874553136171596,0.9921895440601807,18.0171213592233,2.3599804476806905,2,0.20663333397001626,3.0,6.291236318933802e-05,0.32334458652804554,0.25376576909284443
2020-06-19 00:00:00+00:00,validation,respirators,ACM-4 (independent),1,4538,1000.0,5865462.0,1000.0,0.0059967707609797005,0.01123843102688409,0.995948811709785,5.1795,5.979548611111111,1,0.19558015082925506,3.0,7.957477828968162e-05,0.3186266905227293,0.24481747826384276
2020-06-19 00:00:00+00:00,validation,surgicalMasks,ACM-4 (independent),3,3162,1110.0,5491492.0,1110.0,0.007195433633733767,0.008852355358836548,0.9961115164341898,8.606662162162163,3.564568005505506,3,0.19928135191009674,4.0,1.321380902419289e-06,0.3252691555996155,0.27883010791036766
2020-06-19 00:00:00+00:00,validation,faceShields,ACM-4 (independent),4,3257,850.0,2516910.0,850.0,0.014873258009739054,0.018081520073551946,0.9922895722718006,109.8225294117647,1.6092824074074075,4,0.2049252175413654,3.0,4.0539887509516426e-05,0.32568972660652556,0.26897002772414014
2020-06-19 00:00:00+00:00,validation,gowns,ACM-4 (independent),1,3628,100.0,7610265.0,100.0,0.0005803337385207124,0.006615214994487321,0.997648224515453,122.02849999999998,3.3454282407407407,1,0.19268394525277893,4.0,2.263798779322812e-06,0.31960366206658064,0.25357190166177046
2020-06-26 00:00:00+00:00,validation,respirators,ACM-4 (independent),1,4648,800.0,5889313.0,800.0,0.00610664552576817,0.011187607573149742,0.9958860317472431,14.095999999999998,5.375034722222222,1,0.1963287636074873,3.0,5.3744495827068306e-05,0.3091288328285918,0.21629367452714973
2020-06-26 00:00:00+00:00,validation,surgicalMasks,ACM-4 (independent),1,3257,600.0,5522913.0,600.0,0.007261215541719362,0.008901166359729895,0.996025377524774,21.963,3.279421296296296,1,0.19936383936408564,3.0,6.288160485273808e-05,0.31876972582348106,0.24855696722972861
2020-06-26 00:00:00+00:00,validation,faceShields,ACM-4 (independent),3,3325,302.0,2523605.0,302.0,0.014947345244675968,0.018613029120384268,0.9923265259569956,5.1795,0.9761710510179051,3,0.20961992117263706,3.0,2.1497643363121988e-05,0.3275736625067644,0.28679989577703313
2020-07-03 00:00:00+00:00,test,respirators,ACM-4 (independent),1,4727,3.0,5902828.0,3.0,0.006092431598004246,0.011212185318383753,0.9959502657442638,5.1795,0.7224652777777778,1,0.20436858544374836,3.0,4.487422268351082e-05,0.3092452056539064,0.20589924548716154
2020-07-03 00:00:00+00:00,test,surgicalMasks,ACM-4 (independent),3,3325,1330.0,5567890.0,1330.0,0.007439354868389285,0.009621166566446182,0.9958259232295708,54.17802631578948,1.8442693539404065,3,0.20096416473253997,3.0,2.266024721681026e-05,0.32861768113266115,0.28772025712050747
2020-07-03 00:00:00+00:00,test,faceShields,ACM-4 (independent),2,3379,30.0,2528258.0,30.0,0.014930176614727881,0.018906942392909895,0.9924323771204253,11.998083333333334,3.9287017746913575,2,0.2045180495870338,3.0,3.9051476780460614e-05,0.3203935882865344,0.2574791557975878
2020-07-10 00:00:00+00:00,test,respirators,ACM-4 (independent),3,4791,65.0,5910326.0,65.0,0.006095677312520674,0.01168858275934043,0.9959526711409252,15.507807692307692,2.511090633903134,3,0.2011630205414502,3.0,5.611928024840118e-06,0.3285391481286988,0.286324443682052
2020-07-10 00:00:00+00:00,test,surgicalMasks,ACM-4 (independent),6,3379,2730.0,5584876.0,2730.0,0.007900333380845762,0.011242603550295858,0.9953017319693698,31.9773663003663,1.6547475749559084,6,0.2026915963420573,3.0,3.211564432470393e-05,0.327622551224348,0.2795178609176374
2020-07-10 00:00:00+00:00,test,faceShields,ACM-4 (independent),3,3419,95.0,2531082.0,95.0,0.014950566299304779,0.01956204379562044,0.9924139218623866,5.1795,4.622482334307992,3,0.20376363755733784,3.0,1.177585906847467e-05,0.3260784828201884,0.27767737499552325
2020-07-17 00:00:00+00:00,test,respirators,ACM-4 (independent),2,4887,15.0,5926504.0,15.0,0.006081587830585608,0.011868221812973194,0.9960249695845342,11.123833333333334,5.719552469135802,2,0.1959872353840373,3.0,2.2638732242452608e-05,0.32670934375920324,0.2753651007062082
2020-07-17 00:00:00+00:00,test,surgicalMasks,ACM-4 (independent),1,3454,20.0,5607950.0,20.0,0.007867805580707104,0.011287988422575976,0.9954030080269425,122.02849999999998,6.857303240740741,1,0.19099867205226845,3.0,4.1334819259442046e-05,0.32132226938678243,0.2400993496368666
2020-07-17 00:00:00+00:00,test,faceShields,ACM-4 (independent),3,3489,1202.0,2541115.0,1202.0,0.015357842458836478,0.020028612303290415,0.9922369924380241,5.527679700499169,5.9155838070807905,3,0.20189143711365926,3.0,2.4176064384984208e-05,0.32510490713884765,0.2657980401944221
2020-07-24 00:00:00+00:00,test,respirators,ACM-4 (independent),1,4893,500.0,5926685.0,500.0,0.00616523907302227,0.012058042100960556,0.9958977928138795,5.1795,6.0881944444444445,1,0.19567314489728133,3.0,2.8173350579085987e-05,0.3090644796891527,0.20194062760464104
2020-07-24 00:00:00+00:00,test,faceShields,ACM-4 (independent),1,3490,500.0,2539933.0,500.0,0.015551555717685534,0.02030892448512586,0.9921260036093713,5.1795,6.0881944444444445,1,0.2017754341598564,3.0,2.7333679820884527e-05,0.3089708910728023,0.20717039435145518
2020-04-03 00:00:00+00:00,calibration,respirators,ACM-3,1,24,20.0,48769.0,20.0,0.00041009657774405874,0.041666666666666664,0.9583333333333333,1237.3895,6.509027777777777,1,0.16679883750591412,5.0,4.728343694659909e-05,0.3532410354887874,0.31480155527035386
2020-04-24 00:00:00+00:00,calibration,respirators,ACM-3,204,2438,21774.0,5187810.0,21774.0,0.0042009857686161655,0.007793273174733388,0.9974076168739505,151.20391880224125,4.661184150460625,204,0.19112836906039982,4.0,2.0689852429811584e-05,0.3532410354887874,0.3275307927151882
2020-04-24 00:00:00+00:00,calibration,surgicalMasks,ACM-3,112,1494,19401.0,4607787.0,19333.0,0.004195723456835136,0.00535475234270415,0.9973747976325065,166.2632584441112,4.022438930939422,112,0.1910860582693643,4.0,2.2481767150972498e-05,0.35324103548878744,0.33220230218266095
2020-04-24 00:00:00+00:00,calibration,faceShields,ACM-3,115,2028,17787.0,2286152.0,17749.0,0.007763700751306125,0.005917159763313609,0.9969923126446012,273.3878358499071,4.415694458138486,115,0.1883257040496376,4.0,1.7442258011590717e-05,0.3532410354887874,0.3268086699300167
2020-04-24 00:00:00+00:00,calibration,gowns,ACM-3,23,2069,3010.0,6474451.0,3010.0,0.00046490428300407247,0.007249879168680522,0.9972912670436842,150.9284514950166,4.812638427464009,23,0.18946492045354413,4.0,1.969958498315716e-05,0.3532410354887874,0.3206676284679206
2020-05-01 00:00:00+00:00,calibration,respirators,ACM-3,42,2952,4860.0,5393563.0,4860.0,0.00492192850812975,0.01016260162601626,0.9967036530372446,69.93326728395061,3.5217272328913274,42,0.19672194047928335,4.0,7.673447554867874e-06,0.3532410354887873,0.3175293635465093
2020-05-01 00:00:00+00:00,calibration,surgicalMasks,ACM-3,46,1926,9239.0,4808549.0,9239.0,0.005918123102428767,0.007265179034769071,0.9965098041727714,246.31050037882898,4.014628191482965,46,0.18968428001155552,4.0,1.2776196322006328e-05,0.3532410354887874,0.32070507313175195
2020-05-01 00:00:00+00:00,calibration,faceShields,ACM-3,31,2448,8157.0,2437048.0,7341.0,0.010220804408674119,0.010208248264597795,0.994843973924568,98.84771774962542,3.441644696264512,31,0.19812955040551009,4.0,9.042993818875189e-06,0.3532410354887873,0.3156960990985007
2020-05-01 00:00:00+00:00,calibration,gowns,ACM-3,5,2496,634.0,6857623.0,634.0,0.0005311463242531702,0.008012820512820512,0.9973914969837665,99.4275212933754,2.1920009091307393,5,0.19574322138661004,4.0,1.1820839719955956e-05,0.3532410354887874,0.30155599571910113
2020-05-08 00:00:00+00:00,calibration,respirators,ACM-3,13,3086,2546.0,5407386.0,2546.0,0.005373534239718515,0.011989630589760207,0.9958969084420546,94.11205263157896,4.793026747657909,13,0.1945733166091148,4.0,4.40454262329304e-06,0.3532410354887873,0.2973946999121228
2020-05-08 00:00:00+00:00,calibration,surgicalMasks,ACM-3,26,2026,3475.0,4873840.0,3475.0,0.006536986283486578,0.009373458312777503,0.9959380734084025,401.2766529496403,3.1088995803357307,26,0.18688630736351997,4.0,3.787896070361896e-06,0.3532410354887873,0.309589219362811
2020-05-08 00:00:00+00:00,calibration,faceShields,ACM-3,14,2535,1901.0,2436254.0,1901.0,0.010965960060844807,0.013002364066193853,0.9943155621216337,44.877722251446606,5.85206346075165,14,0.19697620143721645,4.0,3.3940599501458557e-06,0.3532410354887874,0.30279610998123724
2020-05-08 00:00:00+00:00,calibration,gowns,ACM-3,2,2616,301.0,6986608.0,301.0,0.0005643573364737066,0.008409785932721712,0.9972736202001995,5.567702657807308,5.654522694413682,2,0.1932354529316233,4.0,4.8375169676984076e-05,0.35324103548878744,0.23202166464044527
2020-05-15 00:00:00+00:00,calibration,respirators,ACM-3,16,3181,963.0,5467070.0,963.0,0.0054879036146331965,0.012889028607356178,0.9957840433577538,179.04802959501555,2.517827355197877,16,0.19582156816691293,4.0,2.303734208564112e-06,0.3532410354887874,0.295278908669862
2020-05-15 00:00:00+00:00,calibration,surgicalMasks,ACM-3,11,2086,2640.0,4894908.0,2640.0,0.007040251027257201,0.010062290368950648,0.9956901009723262,371.8856761363636,1.3604402093855221,11,0.19117805070379112,4.0,5.01583081596868e-06,0.3532410354887873,0.29067729090949523
2020-05-15 00:00:00+00:00,calibration,faceShields,ACM-3,17,2593,5370.0,2442782.0,5210.0,0.013038040338120144,0.016178736517719568,0.9927019984415888,75.95944337811902,2.630087483116514,17,0.20315213797498938,4.0,2.3303684232867106e-06,0.3532410354887874,0.2987341561888557
2020-05-22 00:00:00+00:00,calibration,respirators,ACM-3,2,3247,1200.0,5471505.0,1200.0,0.005700634789303899,0.01324299353249153,0.9955515341453531,86.36183333333334,0.5936226851851852,2,0.20232756481055553,4.0,7.155862944363545e-06,0.3532410354887873,0.2689026286158171
2020-05-22 00:00:00+00:00,calibration,surgicalMasks,ACM-3,5,2131,2590.0,4907743.0,2590.0,0.007542241367100798,0.010787992495309569,0.9951190489651103,166.50655598455597,1.3746719934219935,5,0.19847163428743542,4.0,6.4115312894408305e-06,0.3532410354887874,0.27234160019128023
2020-05-22 00:00:00+00:00,calibration,faceShields,ACM-3,7,2636,1659.0,2439878.0,1499.0,0.013632250425653874,0.017796289284361985,0.992147900628995,83.11702801867911,2.36727544443209,7,0.20407475316959423,4.0,4.672784460202362e-06,0.3532410354887874,0.2848690058097412
2020-05-22 00:00:00+00:00,calibration,gowns,ACM-3,2,2747,324.0,7064934.0,324.0,0.0006039147084000165,0.008372770294867127,0.997030179895396,70.50692592592593,2.8576706104252403,2,0.19578551152767135,4.0,2.2756773364662752e-05,0.3532410354887874,0.24089747411011925
2020-05-29 00:00:00+00:00,calibration,respirators,ACM-3,5,3358,1072.0,5496142.0,1072.0,0.005867927754022837,0.0136986301369863,0.9950323546455433,30.062240671641792,3.164506331191266,5,0.20019570941133907,4.0,3.95820933835056e-06,0.3532410354887874,0.27777517060879625
2020-05-29 00:00:00+00:00,calibration,surgicalMasks,ACM-3,5,2209,1155.0,4932389.0,1155.0,0.007733316484447848,0.01085972850678733,0.9950888100423052,44.804290043290045,6.181139019159852,5,0.19460845618774977,4.0,4.115090539325017e-06,0.3532410354887874,0.28061604390880723
2020-05-29 00:00:00+00:00,calibration,faceShields,ACM-3,6,2700,1119.0,2447375.0,1119.0,0.014033836139576594,0.018847006651884702,0.9917167672571501,81.06682126899015,4.222369799424089,6,0.20154073048571983,4.0,5.281230213816102e-06,0.3532410354887873,0.28086781800407
2020-05-29 00:00:00+00:00,calibration,gowns,ACM-3,1,2821,50.0,7142543.0,50.0,0.0006043253971141258,0.00815313718539525,0.9970250583067752,94.5685,5.508599537037037,1,0.19051150396225533,4.0,2.097408343892937e-05,0.3532410354887874,0.23786604643220158
2020-06-05 00:00:00+00:00,calibration,surgicalMasks,ACM-3,1,2467,250.0,5086192.0,250.0,0.007548261101692534,0.01012965964343598,0.9954195544626843,14.096,6.902337962962963,1,0.19411663213230962,5.0,3.802620157256076e-06,0.3532410354887874,0.2094632883638664
2020-06-05 00:00:00+00:00,calibration,faceShields,ACM-3,3,2849,2112.0,2464425.0,2112.0,0.014776868525041972,0.018914185639229423,0.991714571763006,214.5893125,1.1651982937008978,3,0.20246256180146935,4.0,7.3107283526385736e-06,0.3532410354887874,0.2818724848497413
2020-06-12 00:00:00+00:00,validation,respirators,ACM-3,4,4166,1945.0,5780650.0,1945.0,0.005914243469689502,0.01200192030724916,0.9956659428908323,8.17105526992288,2.9401088677044656,4,0.2007647267578656,4.0,1.2543733848180416e-05,0.3532410354887873,0.2977539286539848
2020-06-12 00:00:00+00:00,validation,faceShields,ACM-3,2,3070,206.0,2493588.0,206.0,0.014675645588908836,0.018199545011374715,0.9921871828237341,18.0171213592233,2.3599804476806905,2,0.20671505418610636,4.0,3.830871441923289e-05,0.3532410354887874,0.25379400915170447
2020-06-19 00:00:00+00:00,validation,respirators,ACM-3,1,4538,1000.0,5865462.0,1000.0,0.0059967707609797005,0.01123843102688409,0.995948811709785,5.1795,5.979548611111111,1,0.19558015082925506,4.0,6.76663468473504e-05,0.3532410354887873,0.24481747826384276
2020-06-19 00:00:00+00:00,validation,surgicalMasks,ACM-3,3,3162,1110.0,5491492.0,1110.0,0.007195433633733767,0.008852355358836548,0.9961118535901303,8.606662162162163,3.564568005505506,3,0.19928128447890864,4.0,1.2289854750935358e-05,0.3532410354887874,0.27883011483007314
2020-06-19 00:00:00+00:00,validation,faceShields,ACM-3,4,3256,850.0,2516910.0,850.0,0.014873258009739054,0.018387986515476556,0.9922924990419266,109.8225294117647,1.6092824074074075,4,0.20500124879782133,4.0,1.1270403255214667e-05,0.3532410354887873,0.2689975224724724
2020-06-19 00:00:00+00:00,validation,gowns,ACM-3,1,3628,100.0,7610265.0,100.0,0.0005803337385207124,0.006615214994487321,0.997648224515453,122.02849999999998,3.3454282407407407,1,0.19268394525277893,4.0,5.894606168121985e-05,0.3532410354887874,0.25357190166177046
2020-06-26 00:00:00+00:00,validation,respirators,ACM-3,1,4648,800.0,5889313.0,800.0,0.00610664552576817,0.011187607573149742,0.9958860317472431,14.095999999999998,5.375034722222222,1,0.1963287636074873,4.0,3.816748371132661e-05,0.3532410354887874,0.21629367452714973
2020-06-26 00:00:00+00:00,validation,surgicalMasks,ACM-3,1,3257,600.0,5522913.0,600.0,0.007261215541719362,0.008901166359729895,0.9960257322095665,21.963,3.279421296296296,1,0.19936376842712714,4.0,1.7863399790929435e-05,0.3532410354887874,0.24855698603100643
2020-06-26 00:00:00+00:00,validation,faceShields,ACM-3,3,3324,302.0,2523605.0,302.0,0.014947345244675968,0.018913239267487243,0.9923285630717318,5.1795,0.9761710510179051,3,0.20969456628646554,3.0,4.196383127574865e-05,0.3532410354887873,0.28679163187735374
2020-07-03 00:00:00+00:00,test,respirators,ACM-3,1,4727,3.0,5902828.0,3.0,0.006092431598004246,0.011212185318383753,0.9959502657442638,5.1795,0.7224652777777778,1,0.20436858544374836,4.0,3.021955537285681e-05,0.3532410354887873,0.20589924548716154
2020-07-03 00:00:00+00:00,test,surgicalMasks,ACM-3,3,3325,1330.0,5567890.0,1330.0,0.007439354868389285,0.009621166566446182,0.9958262342067925,54.17802631578948,1.8442693539404065,3,0.20096410253709562,4.0,3.600439462292382e-06,0.3532410354887874,0.2877202644845142
2020-07-03 00:00:00+00:00,test,faceShields,ACM-3,2,3378,30.0,2528258.0,30.0,0.014930176614727881,0.019202363367799114,0.9924344032234538,11.998083333333334,3.9287017746913575,2,0.2045914996101504,4.0,8.180418526571032e-06,0.3532410354887874,0.2574610687047069
2020-07-10 00:00:00+00:00,test,respirators,ACM-3,3,4791,65.0,5910326.0,65.0,0.006095677312520674,0.01168858275934043,0.9959526711409252,15.507807692307692,2.511090633903134,3,0.2011630205414502,4.0,7.893223703092644e-06,0.3532410354887874,0.28632444368205207
2020-07-10 00:00:00+00:00,test,surgicalMasks,ACM-3,6,3379,2730.0,5584876.0,2730.0,0.007900333380845762,0.011242603550295858,0.99530208050911,31.9773663003663,1.6547475749559084,6,0.20269152663410928,4.0,2.9961085319940572e-06,0.3532410354887874,0.2795178675203771
2020-07-10 00:00:00+00:00,test,faceShields,ACM-3,3,3418,95.0,2531082.0,95.0,0.014950566299304779,0.019854014598540148,0.992415262599269,5.1795,4.622482334307992,3,0.20383636211069128,4.0,1.186960520760394e-06,0.3532410354887874,0.2776659678090656
2020-07-17 00:00:00+00:00,test,respirators,ACM-3,2,4887,15.0,5926504.0,15.0,0.006081587830585608,0.011868221812973194,0.9960249695845342,11.123833333333334,5.719552469135802,2,0.1959872353840373,4.0,3.912802079619748e-06,0.3532410354887873,0.2753651007058665
2020-07-17 00:00:00+00:00,test,surgicalMasks,ACM-3,1,3454,20.0,5607950.0,20.0,0.007867805580707104,0.011287988422575976,0.9954033490060907,122.02849999999998,6.857303240740741,1,0.1909986038564388,4.0,1.8616622081690792e-05,0.3532410354887873,0.2400993691913902
2020-07-17 00:00:00+00:00,test,faceShields,ACM-3,3,3488,1202.0,2541115.0,1202.0,0.015357842458836478,0.020314735336194562,0.9922460016376422,5.527679700499169,5.9155838070807905,3,0.20196116603196168,4.0,6.658990097663242e-06,0.3532410354887874,0.2658197661595878
2020-07-24 00:00:00+00:00,test,respirators,ACM-3,1,4893,500.0,5926685.0,500.0,0.00616523907302227,0.012058042100960556,0.9958977928138795,5.1795,6.0881944444444445,1,0.19567314489728133,4.0,3.1929588210188875e-05,0.3532410354887873,0.20194062760464104
2020-07-24 00:00:00+00:00,test,faceShields,ACM-3,1,3489,500.0,2539933.0,500.0,0.015551555717685534,0.020594965675057208,0.9921369734142031,5.1795,6.0881944444444445,1,0.20184475049637288,4.0,2.387380761792457e-05,0.3532410354887873,0.20713898398185443
2020-04-03 00:00:00+00:00,calibration,respirators,ACM-2,1,24,20.0,48769.0,20.0,0.00041009657774405874,0.041666666666666664,0.9583333333333333,2529.878,6.509027777777777,1,0.12371588750591414,5.0,2.660248573138624e-05,0.3532410354887874,0.31480155527035386
2020-04-24 00:00:00+00:00,calibration,respirators,ACM-2,204,2438,21774.0,5187810.0,21774.0,0.0042009857686161655,0.007383100902378999,0.9975150384739455,158.09619541655184,4.661184150460625,204,0.19077459911850186,3.0,7.987108831153389e-05,0.3532410354887874,0.32753079387177264
2020-04-24 00:00:00+00:00,calibration,surgicalMasks,ACM-2,112,1494,19401.0,4607787.0,19333.0,0.004195723456835136,0.00535475234270415,0.9973746839640911,166.29697219779658,4.022438930939422,112,0.19108495721125787,4.0,3.3328052002623565e-06,0.3532410354887874,0.33220230218266095
2020-04-24 00:00:00+00:00,calibration,faceShields,ACM-2,115,2028,17787.0,2286152.0,17749.0,0.007763700751306125,0.005917159763313609,0.9969923126446012,273.3878358499071,4.415694458138486,115,0.1883257040496376,4.0,1.7276485749784243e-06,0.3532410354887874,0.3268086699300167
2020-04-24 00:00:00+00:00,calibration,gowns,ACM-2,23,2069,3010.0,6474451.0,3010.0,0.00046490428300407247,0.007249879168680522,0.9972912670436842,150.9284514950166,4.812638427464009,23,0.18946492045354413,4.0,1.6258163675342274e-06,0.35324103548878744,0.3206676284679206
2020-05-01 00:00:00+00:00,calibration,respirators,ACM-2,42,2952,4860.0,5393563.0,4860.0,0.00492192850812975,0.009823848238482384,0.9968070050123063,69.93326728395061,3.5217272328913274,42,0.19661658173738752,3.0,1.3045721847571023e-05,0.3532410354887873,0.3175301654550778
2020-05-01 00:00:00+00:00,calibration,surgicalMasks,ACM-2,46,1926,9239.0,4808549.0,9239.0,0.005918123102428767,0.007265179034769071,0.996509583713425,246.31050037882898,4.014628191482965,46,0.18968432410342478,3.0,3.465934173230156e-05,0.3532410354887874,0.32070507147189437
2020-05-01 00:00:00+00:00,calibration,faceShields,ACM-2,31,2448,8157.0,2437048.0,7341.0,0.010220804408674119,0.010208248264597795,0.994843973924568,98.84771774962542,3.441644696264512,31,0.19812955040551009,3.0,2.056331115851684e-05,0.35324103548878744,0.3156960990985007
2020-05-01 00:00:00+00:00,calibration,gowns,ACM-2,5,2496,634.0,6857623.0,634.0,0.0005311463242531702,0.008012820512820512,0.9973914969837665,99.4275212933754,2.1920009091307393,5,0.19574322138661004,3.0,2.5825301507298448e-05,0.3532410354887874,0.30155599571910113
2020-05-08 00:00:00+00:00,calibration,respirators,ACM-2,13,3086,2546.0,5407386.0,2546.0,0.005373534239718515,0.011665586519766688,0.996022423790335,94.11205263157896,4.793026747657909,13,0.19446720252196037,3.0,1.1223158158046864e-05,0.3532410354887873,0.2973955133105817
2020-05-08 00:00:00+00:00,calibration,surgicalMasks,ACM-2,26,2026,3475.0,4873840.0,3475.0,0.006536986283486578,0.009373458312777503,0.9959377308112158,401.2766529496403,3.1088995803357307,26,0.18688637588295728,3.0,9.562454507117124e-06,0.3532410354887873,0.3095892161179941
2020-05-08 00:00:00+00:00,calibration,faceShields,ACM-2,14,2535,1901.0,2436254.0,1901.0,0.010965960060844807,0.013002364066193853,0.9943155621216337,44.877722251446606,5.85206346075165,14,0.19697620143721645,3.0,9.319114613770552e-06,0.3532410354887874,0.30279610998123724
2020-05-08 00:00:00+00:00,calibration,gowns,ACM-2,2,2616,301.0,6986608.0,301.0,0.0005643573364737066,0.008409785932721712,0.9972736202001995,5.567702657807308,5.654522694413682,2,0.1932354529316233,3.0,3.0311293058638e-05,0.3532410354887874,0.23202166464044527
2020-05-15 00:00:00+00:00,calibration,respirators,ACM-2,16,3181,963.0,5467070.0,963.0,0.0054879036146331965,0.012574662055957246,0.9959147114601077,179.02364018691586,2.517827355197877,16,0.19571765588886242,3.0,1.5498886474785145e-06,0.3532410354887874,0.29527968828440115
2020-05-15 00:00:00+00:00,calibration,surgicalMasks,ACM-2,11,2086,2640.0,4894908.0,2640.0,0.007040251027257201,0.010062290368950648,0.9956897204880084,371.8856761363636,1.3604402093855221,11,0.1911781268006547,3.0,2.199862399043795e-05,0.35324103548878744,0.29067728741896753
2020-05-15 00:00:00+00:00,calibration,faceShields,ACM-2,17,2593,5370.0,2442782.0,5210.0,0.013038040338120144,0.016178736517719568,0.9927019984415888,75.95944337811902,2.630087483116514,17,0.20315213797498938,3.0,2.732041440967059e-06,0.3532410354887874,0.2987341561888557
2020-05-22 00:00:00+00:00,calibration,respirators,ACM-2,2,3247,1200.0,5471505.0,1200.0,0.005700634789303899,0.012935016938712659,0.9956888529622645,86.36183333333334,0.5936226851851852,2,0.20222310689872855,3.0,1.0130892183379814e-05,0.3532410354887873,0.2689039206358679
2020-05-22 00:00:00+00:00,calibration,surgicalMasks,ACM-2,5,2131,2590.0,4907743.0,2590.0,0.007542241367100798,0.010787992495309569,0.9951185890549046,166.50655598455597,1.3746719934219935,5,0.19847172626947657,3.0,1.9685747403297427e-05,0.3532410354887873,0.2723415959857582
2020-05-22 00:00:00+00:00,calibration,faceShields,ACM-2,7,2636,1659.0,2439878.0,1499.0,0.013632250425653874,0.017796289284361985,0.992147900628995,83.11702801867911,2.36727544443209,7,0.20407475316959423,3.0,1.134398077107246e-05,0.3532410354887873,0.2848690058097412
2020-05-22 00:00:00+00:00,calibration,gowns,ACM-2,2,2747,324.0,7064934.0,324.0,0.0006039147084000165,0.008372770294867127,0.997030179895396,70.50692592592593,2.8576706104252403,2,0.19578551152767135,3.0,7.274681810942596e-06,0.3532410354887873,0.24089747411011925
2020-05-29 00:00:00+00:00,calibration,respirators,ACM-2,5,3358,1072.0,5496142.0,1072.0,0.005867927754022837,0.013400833829660513,0.995167563612237,30.062240671641792,3.164506331191266,5,0.20009421854116888,3.0,1.6407683686159302e-06,0.3532410354887874,0.2777762568521626
2020-05-29 00:00:00+00:00,calibration,surgicalMasks,ACM-2,5,2209,1155.0,4932389.0,1155.0,0.007733316484447848,0.01085972850678733,0.9950883664084875,44.804290043290045,6.181139019159852,5,0.19460854491451332,3.0,2.530509946863102e-06,0.35324103548878744,0.2806160358723295
2020-05-29 00:00:00+00:00,calibration,faceShields,ACM-2,6,2700,1119.0,2447375.0,1119.0,0.014033836139576594,0.018847006651884702,0.9917167672571501,81.06682126899015,4.222369799424089,6,0.20154073048571983,3.0,6.26923109414701e-06,0.3532410354887874,0.28086781800407
2020-05-29 00:00:00+00:00,calibration,gowns,ACM-2,1,2821,50.0,7142543.0,50.0,0.0006043253971141258,0.00815313718539525,0.9970250583067752,94.5685,5.508599537037037,1,0.19051150396225533,3.0,3.711920192328577e-06,0.3532410354887873,0.23786604643220158
2020-06-05 00:00:00+00:00,calibration,surgicalMasks,ACM-2,1,2467,250.0,5086192.0,250.0,0.007548261101692534,0.01012965964343598,0.9954191570275952,14.096,6.902337962962963,1,0.19411671161932742,3.0,2.1293627190166475e-05,0.3532410354887874,0.20946328071331288
2020-06-05 00:00:00+00:00,calibration,faceShields,ACM-2,3,2849,2112.0,2464425.0,2112.0,0.014776868525041972,0.018914185639229423,0.991714571763006,214.5893125,1.1651982937008978,3,0.20246256180146935,3.0,4.292912321957054e-06,0.3532410354887874,0.2818724848497413
2020-06-12 00:00:00+00:00,validation,respirators,ACM-2,4,4166,1945.0,5780650.0,1945.0,0.005914243469689502,0.011761881901104177,0.9957730761946326,8.17105526992288,2.9401088677044656,4,0.20068329049556932,3.0,1.5449336095429977e-06,0.3532410354887874,0.2977546187396675
2020-06-12 00:00:00+00:00,validation,faceShields,ACM-2,2,3070,206.0,2493588.0,206.0,0.014675645588908836,0.018199545011374715,0.9921871828237341,18.0171213592233,2.3599804476806905,2,0.20671505418610636,3.0,6.874698836534243e-06,0.3532410354887874,0.25379400915170447
2020-06-19 00:00:00+00:00,validation,respirators,ACM-2,1,4538,1000.0,5865462.0,1000.0,0.0059967707609797005,0.011018069634200088,0.9960395237705535,5.1795,5.979548611111111,1,0.1955069180689304,3.0,4.18767043186552e-06,0.3532410354887873,0.24481853407186063
2020-06-19 00:00:00+00:00,validation,surgicalMasks,ACM-2,3,3162,1110.0,5491492.0,1110.0,0.007195433633733767,0.008852355358836548,0.9961115164341898,8.606662162162163,3.564568005505506,3,0.19928135191009674,3.0,1.4116038792422181e-05,0.3532410354887873,0.27883010791036766
2020-06-19 00:00:00+00:00,validation,faceShields,ACM-2,4,3256,850.0,2516910.0,850.0,0.014873258009739054,0.018387986515476556,0.9922924990419266,109.8225294117647,1.6092824074074075,4,0.20500124879782133,3.0,2.2312695819315387e-06,0.3532410354887874,0.2689975224724724
2020-06-19 00:00:00+00:00,validation,gowns,ACM-2,1,3628,100.0,7610265.0,100.0,0.0005803337385207124,0.006615214994487321,0.997648224515453,122.02849999999998,3.3454282407407407,1,0.19268394525277893,3.0,3.6568846811246836e-06,0.3532410354887874,0.25357190166177046
2020-06-26 00:00:00+00:00,validation,respirators,ACM-2,1,4648,800.0,5889313.0,800.0,0.00610664552576817,0.010972461273666093,0.9959742702274172,14.095999999999998,5.375034722222222,1,0.19625732933658158,3.0,2.445303835862944e-06,0.3532410354887874,0.21629474244090585
2020-06-26 00:00:00+00:00,validation,surgicalMasks,ACM-2,1,3257,600.0,5522913.0,600.0,0.007261215541719362,0.008901166359729895,0.996025377524774,21.963,3.279421296296296,1,0.19936383936408564,3.0,4.5592008026673625e-06,0.3532410354887874,0.24855696722972861
2020-06-26 00:00:00+00:00,validation,faceShields,ACM-2,3,3324,302.0,2523605.0,302.0,0.014947345244675968,0.018913239267487243,0.9923285630717318,5.1795,0.9761710510179051,3,0.20969456628646554,3.0,3.814726831641302e-06,0.3532410354887873,0.28679163187735374
2020-07-03 00:00:00+00:00,test,respirators,ACM-2,1,4727,3.0,5902828.0,3.0,0.006092431598004246,0.011000634651999153,0.996037124485676,5.1795,0.7224652777777778,1,0.20429832602886977,3.0,1.962542682365509e-06,0.3532410354887874,0.2059005158205366
2020-07-03 00:00:00+00:00,test,surgicalMasks,ACM-2,3,3325,1330.0,5567890.0,1330.0,0.007439354868389285,0.009621166566446182,0.9958259232295708,54.17802631578948,1.8442693539404065,3,0.20096416473253997,3.0,1.0401997482256675e-05,0.3532410354887874,0.28772025712050747
2020-07-03 00:00:00+00:00,test,faceShields,ACM-2,2,3378,30.0,2528258.0,30.0,0.014930176614727881,0.019202363367799114,0.9924344032234538,11.998083333333334,3.9287017746913575,2,0.2045914996101504,3.0,3.579171698797623e-06,0.35324103548878744,0.2574610687047069
2020-07-10 00:00:00+00:00,test,respirators,ACM-2,3,4791,65.0,5910326.0,65.0,0.006095677312520674,0.011479858067209352,0.9960394870215201,15.507807692307692,2.511090633903134,3,0.20109347619229842,3.0,6.049597710222621e-06,0.3532410354887873,0.2863250445121873
2020-07-10 00:00:00+00:00,test,surgicalMasks,ACM-2,6,3379,2730.0,5584876.0,2730.0,0.007900333380845762,0.011242603550295858,0.9953017319693698,31.9773663003663,1.6547475749559084,6,0.2026915963420573,3.0,1.6913797239448414e-06,0.3532410354887874,0.2795178609176374
2020-07-10 00:00:00+00:00,test,faceShields,ACM-2,3,3418,95.0,2531082.0,95.0,0.014950566299304779,0.019854014598540148,0.992415262599269,5.1795,4.622482334307992,3,0.20383636211069128,3.0,3.121309985032461e-06,0.3532410354887874,0.2776659678090656
2020-07-17 00:00:00+00:00,test,respirators,ACM-2,2,4887,15.0,5926504.0,15.0,0.006081587830585608,0.011663597298956415,0.996110221986918,11.123833333333334,5.719552469135802,2,0.19591902877505635,3.0,1.2654003597734054e-06,0.3532410354887874,0.2753658757503737
2020-07-17 00:00:00+00:00,test,surgicalMasks,ACM-2,1,3454,20.0,5607950.0,20.0,0.007867805580707104,0.011287988422575976,0.9954030080269425,122.02849999999998,6.857303240740741,1,0.19099867205226845,3.0,3.8248235791904506e-06,0.3532410354887873,0.2400993496368666
2020-07-17 00:00:00+00:00,test,faceShields,ACM-2,3,3488,1202.0,2541115.0,1202.0,0.015357842458836478,0.020314735336194562,0.9922460016376422,5.527679700499169,5.9155838070807905,3,0.20196116603196168,3.0,2.0308229996546245e-06,0.3532410354887874,0.2658197661595878
2020-07-24 00:00:00+00:00,test,respirators,ACM-2,1,4893,500.0,5926685.0,500.0,0.00616523907302227,0.01185366850602902,0.9959852735709889,5.1795,6.0881944444444445,1,0.19560455534712656,3.0,4.041396238996242e-06,0.3532410354887873,0.20194163855498193
2020-07-24 00:00:00+00:00,test,faceShields,ACM-2,1,3489,500.0,2539933.0,500.0,0.015551555717685534,0.020594965675057208,0.9921369734142031,5.1795,6.0881944444444445,1,0.20184475049637288,3.0,4.504526203596981e-06,0.3532410354887874,0.20713898398185443
2020-04-03 00:00:00+00:00,calibration,respirators,Proximity,1,24,20.0,48769.0,20.0,0.00041009657774405874,0.041666666666666664,0.9583333333333333,562.254,6.509027777777777,1,0.18930335417258082,1.0,0.0,,0.31480155527035386
2020-04-24 00:00:00+00:00,calibration,respirators,Proximity,204,2438,21774.0,5187810.0,9855.0,0.001903493368132726,0.05086136177194422,0.97399295718377,6.676353475393194,4.4963597311479395,204,0.21086649368398552,1.0,0.0,,0.32752434274443976
2020-04-24 00:00:00+00:00,calibration,surgicalMasks,Proximity,112,1494,19401.0,4607787.0,11961.0,0.0025958231142194726,0.05488621151271754,0.966492369526621,8.563048072903605,3.9095671561432686,112,0.2145302368668298,1.0,0.0,,0.33220230218266095
2020-04-24 00:00:00+00:00,calibration,faceShields,Proximity,115,2028,17787.0,2286152.0,4975.0,0.0021761457680854117,0.048323471400394474,0.9650713703535498,10.321310954773862,4.066983633445003,115,0.2127058950439844,1.0,0.0,,0.3268086699300167
2020-04-24 00:00:00+00:00,calibration,gowns,Proximity,23,2069,3010.0,6474451.0,2580.0,0.0003984893854320621,0.01014983083615273,0.9948226671394176,8.528884496124032,4.817237295434971,23,0.19539937059046014,1.0,0.0,,0.3206676284679206
2020-05-01 00:00:00+00:00,calibration,respirators,Proximity,84,2906,16779.0,5405482.0,5760.0,0.0028871596092372117,0.06029810298102981,0.9661571834856122,10.165010937499993,8.386968750000001,84,0.20853647996345137,1.0,0.0,,0.3185830238334535
2020-05-01 00:00:00+00:00,calibration,surgicalMasks,Proximity,71,1891,16611.0,4815921.0,8776.0,0.004295258251962248,0.06486766995329528,0.9581803037841008,7.425704136280762,7.316899919340207,71,0.2136418404495808,1.0,0.0,,0.3231897387006882
2020-05-01 00:00:00+00:00,calibration,faceShields,Proximity,80,2391,20931.0,2449822.0,8662.0,0.005555245505025466,0.06329113924050633,0.9512916046825748,9.566483548833984,6.257399209884383,80,0.21676091833226876,1.0,0.0,,0.31831973217051834
2020-05-01 00:00:00+00:00,calibration,gowns,Proximity,7,2491,1064.0,6858053.0,474.0,0.0004451484287237052,0.010817307692307692,0.9947260295205915,5.423404008438819,10.804047971362714,7,0.18572739621645945,1.0,0.0,,0.30618091264137703
2020-05-08 00:00:00+00:00,calibration,respirators,Proximity,42,3010,13565.0,5418405.0,5731.0,0.003931881252254308,0.06578094620868438,0.9609414335780417,13.33015451055662,12.461198622501406,42,0.2044201054203309,1.0,0.0,,0.30625375675823585
2020-05-08 00:00:00+00:00,calibration,surgicalMasks,Proximity,50,1964,11310.0,4881675.0,5252.0,0.0053012680288804775,0.07597434632461766,0.9487937392703976,6.62545858720487,9.473398083798768,50,0.2150804371112783,1.0,0.0,,0.31222531263528813
2020-05-08 00:00:00+00:00,calibration,faceShields,Proximity,51,2438,13354.0,2447707.0,4088.0,0.007201350156662376,0.0760441292356186,0.9409586589252887,17.002039995107634,16.40060078730883,51,0.20543870376666043,1.0,0.0,,0.30824153145378413
2020-05-08 00:00:00+00:00,calibration,gowns,Proximity,3,2609,891.0,6987198.0,141.0,0.00045706506718212736,0.011467889908256881,0.9940745852832444,5.179500000000001,8.203751231284475,3,0.19036645947512162,1.0,0.0,,0.23199587492289248
2020-05-15 00:00:00+00:00,calibration,respirators,Proximity,35,3086,8797.0,5474904.0,3564.0,0.004535803372105083,0.07136120716755737,0.9564163134556163,10.66240614478114,21.51975940279857,35,0.19192289107151256,1.0,0.0,,0.30092148255962015
2020-05-15 00:00:00+00:00,calibration,surgicalMasks,Proximity,26,2006,8698.0,4900966.0,2987.0,0.00588111724178524,0.08241494968854815,0.9427265314631974,12.72391245396719,9.85380823847785,26,0.21726967801819375,1.0,0.0,,0.30208110177077596
2020-05-15 00:00:00+00:00,calibration,faceShields,Proximity,45,2467,14636.0,2452048.0,3734.0,0.008688652762824762,0.08628659476117104,0.9308773984643837,19.073598553829665,11.419462589765716,45,0.2187689731963342,1.0,0.0,,0.3025763846177366
2020-05-15 00:00:00+00:00,calibration,gowns,Proximity,2,2691,750.0,7047355.0,262.0,0.0004903163582982888,0.011481481481481481,0.9938513215535474,5.247564885496184,12.688102647017248,2,0.18294996021052,1.0,0.0,,0.2167061336036259
2020-05-22 00:00:00+00:00,calibration,respirators,Proximity,18,3136,6433.0,5476738.0,2441.0,0.004975036661608806,0.0748383122882661,0.952760574521337,38.52004895534617,26.934894154831806,18,0.18372323410946434,1.0,0.0,,0.29352312439812367
2020-05-22 00:00:00+00:00,calibration,surgicalMasks,Proximity,18,2037,8301.0,4913454.0,4040.0,0.006680114842294175,0.0877110694183865,0.9385702711881485,12.454073638613862,12.422519767601761,18,0.21543241791114648,1.0,0.0,,0.29188693311987657
2020-05-22 00:00:00+00:00,calibration,faceShields,Proximity,35,2483,12401.0,2450620.0,4441.0,0.010477011454731018,0.09579704657326771,0.9215709944733486,15.061636906102226,21.01076364390736,35,0.20778202278775407,1.0,0.0,,0.29891001379036797
2020-05-22 00:00:00+00:00,calibration,gowns,Proximity,3,2737,812.0,7065422.0,424.0,0.0005490262317405631,0.012377138696760102,0.9933882685331208,7.282448113207547,7.6706517513976245,3,0.1915816222925721,1.0,0.0,,0.2696841700391069
2020-05-29 00:00:00+00:00,calibration,respirators,Proximity,18,3234,5064.0,5500134.0,1846.0,0.005285748271598126,0.07623585467540203,0.9504375543867825,19.985720476706387,16.530132518759277,18,0.2026050531393977,1.0,0.0,,0.295410107698995
2020-05-29 00:00:00+00:00,calibration,surgicalMasks,Proximity,13,2107,5416.0,4936650.0,1523.0,0.0069499640418490905,0.08959276018099548,0.9366035861542141,7.670629349967172,18.66883924120279,13,0.20613954051538302,1.0,0.0,,0.28639077493263165
2020-05-29 00:00:00+00:00,calibration,faceShields,Proximity,30,2522,8919.0,2455175.0,3510.0,0.011853732756970265,0.10310421286031042,0.915504899653504,10.543249572649572,19.398409066028286,30,0.21414175632018095,1.0,0.0,,0.3012009068868832
2020-05-29 00:00:00+00:00,calibration,gowns,Proximity,2,2810,438.0,7142931.0,150.0,0.0005640277091380044,0.01240694789081886,0.9932245565782347,11.123833333333332,22.01267361111111,2,0.16759565155895978,1.0,0.0,,0.26933228731528636
2020-06-05 00:00:00+00:00,calibration,respirators,Proximity,12,3589,3218.0,5580791.0,639.0,0.00532191754450261,0.07167785234899329,0.952901121871158,9.196653364632239,23.786328573291605,12,0.18925147378595222,1.0,0.0,,0.29840006615386466
2020-06-05 00:00:00+00:00,calibration,surgicalMasks,Proximity,10,2356,4143.0,5090085.0,2335.0,0.0071954547299470165,0.08306320907617504,0.9412396516424062,18.00482676659529,31.61503760210961,10,0.1817443908669748,1.0,0.0,,0.2857972816304437
2020-06-05 00:00:00+00:00,calibration,faceShields,Proximity,21,2653,7521.0,2469834.0,2010.0,0.012571801712837963,0.10437828371278458,0.9138262455518511,8.594535572139304,16.215276142435968,21,0.22041750766085463,1.0,0.0,,0.30591002965956005
2020-06-05 00:00:00+00:00,calibration,gowns,Proximity,1,2890,288.0,7259356.0,20.0,0.0005577287841058173,0.012405237767057202,0.9930955838101283,14.096,37.264710648148146,1,0.1420996800072621,1.0,0.0,,0.20040684591469124
2020-06-12 00:00:00+00:00,validation,respirators,Proximity,12,4022,4524.0,5783229.0,1649.0,0.005419669590243391,0.06625060009601537,0.9558971727567864,7.7309060036385695,14.372519189520023,12,0.20306820431324377,1.0,0.0,,0.30738371364469697
2020-06-12 00:00:00+00:00,validation,surgicalMasks,Proximity,4,2735,1808.0,5314656.0,1285.0,0.007130484179290782,0.07330761136443353,0.9478147774851948,25.5767373540856,29.453920233463034,4,0.1813171918392466,1.0,0.0,,0.28897825111556186
2020-06-12 00:00:00+00:00,validation,faceShields,Proximity,18,2859,5717.0,2499099.0,1509.0,0.013012745606731267,0.1026974325641859,0.9150446291508199,31.283441020543396,39.9364869195322,18,0.17961630037333334,1.0,0.0,,0.3106615695589337
2020-06-12 00:00:00+00:00,validation,gowns,Proximity,1,3289,268.0,7484541.0,30.0,0.0005449622572574391,0.011205330102967898,0.9936500536326509,5.1795,44.264710648148146,1,0.13031489084233833,1.0,0.0,,0.21186111281610556
2020-06-19 00:00:00+00:00,validation,respirators,Proximity,8,4387,3875.0,5868337.0,1481.0,0.005590997182636417,0.0623622741295725,0.9580802458424733,8.520703578663065,15.092932163890765,8,0.20049245798538118,1.0,0.0,,0.303801757393065
2020-06-19 00:00:00+00:00,validation,surgicalMasks,Proximity,6,3044,1633.0,5492015.0,578.0,0.007004662059457803,0.06734113183686374,0.9521267552658597,123.5702474048443,38.69581406990901,6,0.16024953193017774,1.0,0.0,,0.29873321318152335
2020-06-19 00:00:00+00:00,validation,faceShields,Proximity,19,3030,5058.0,2521118.0,1087.0,0.013318470646781363,0.10174685871897027,0.9153593095744661,9.185334406623735,21.349925785375994,19,0.21113693003537543,1.0,0.0,,0.3139824395173973
2020-06-19 00:00:00+00:00,validation,gowns,Proximity,2,3614,338.0,7610503.0,283.0,0.0005731107569369515,0.010749724366041897,0.9937081955352629,14.096,43.645036767111634,2,0.13093478613753312,1.0,0.0,,0.28120347831037346
2020-06-26 00:00:00+00:00,validation,respirators,Proximity,6,4492,3194.0,5891707.0,1153.0,0.00576215510238252,0.061746987951807226,0.9584239842639697,14.516666955767564,25.97718799187305,6,0.18198950220267776,1.0,0.0,,0.2814816787564811
2020-06-26 00:00:00+00:00,validation,surgicalMasks,Proximity,4,3136,1655.0,5523968.0,1075.0,0.007156949721403526,0.0659914057704113,0.9530786695266191,5.179500000000001,11.621533107235143,4,0.20884517809437836,1.0,0.0,,0.2942592005411671
2020-06-26 00:00:00+00:00,validation,faceShields,Proximity,18,3083,4273.0,2527576.0,946.0,0.013648543561972398,0.10417292104473132,0.9130892128491741,12.718103065539113,34.21116479719677,18,0.19075983317385908,1.0,0.0,,0.3089649378369005
2020-06-26 00:00:00+00:00,validation,gowns,Proximity,1,3715,55.0,7677377.0,55.0,0.0005752602177032524,0.010723860589812333,0.9938487534956564,14.096,10.345428240740741,1,0.1864003084566167,1.0,0.0,,0.2516232048474154
2020-07-03 00:00:00+00:00,test,respirators,Proximity,5,4567,2044.0,5904869.0,753.0,0.005875055228078494,0.06156124391791834,0.9582869147180553,17.05054913678619,47.479378212458805,5,0.14608854870703847,1.0,0.0,,0.23782036103903273
2020-07-03 00:00:00+00:00,test,surgicalMasks,Proximity,4,3203,1910.0,5568470.0,1480.0,0.007362682546990326,0.06494287432351173,0.9534879488375052,5.1795,2.699183402152152,4,0.2234437787012366,1.0,0.0,,0.2945665992957379
2020-07-03 00:00:00+00:00,test,faceShields,Proximity,15,3124,3357.0,2531585.0,1271.0,0.014117411448144141,0.10605612998522895,0.9114474801737704,23.10515184893784,32.30995985043856,15,0.1945455256560414,1.0,0.0,,0.3070016899034471
2020-07-10 00:00:00+00:00,test,respirators,Proximity,7,4627,1356.0,5911617.0,569.0,0.005963330754229078,0.061991233562930494,0.9580456722730932,11.463436731107207,46.37386608653909,7,0.1483039483314921,1.0,0.0,,0.2911405386552436
2020-07-10 00:00:00+00:00,test,surgicalMasks,Proximity,7,3256,3160.0,5585306.0,1980.0,0.007690615181678165,0.0650887573964497,0.953157266108482,5.1795,2.1512507599139545,7,0.2245743835078135,1.0,0.0,,0.2915292507363141
2020-07-10 00:00:00+00:00,test,faceShields,Proximity,11,3155,2181.0,2533168.0,633.0,0.01434809124772661,0.10715328467153284,0.9105404667431962,22.3284336492891,52.141045012725996,11,0.16205603694642864,1.0,0.0,,0.30027525643709685
2020-07-17 00:00:00+00:00,test,respirators,Proximity,4,4721,802.0,5927291.0,641.0,0.006054586875321999,0.06159197871905054,0.9583931053539481,14.012887675507018,54.95184824059629,4,0.13378496902515835,1.0,0.0,,0.2846775142101107
2020-07-17 00:00:00+00:00,test,surgicalMasks,Proximity,4,3328,1200.0,5609130.0,245.0,0.007698850860218364,0.06483357452966715,0.9534197923003584,6.549581632653061,15.13486370937264,4,0.202775940736712,1.0,0.0,,0.28729574682223935
2020-07-17 00:00:00+00:00,test,faceShields,Proximity,9,3219,2750.0,2542663.0,597.0,0.014523193962928891,0.10701001430615165,0.9103578458995425,17.333494137353433,44.78636240616664,9,0.17454233180213166,1.0,0.0,,0.2902276105204339
2020-07-24 00:00:00+00:00,test,respirators,Proximity,2,4726,661.0,5926846.0,274.0,0.0061003382890476325,0.06172082566932352,0.9580894331739593,9.807419708029197,12.638934509326845,2,0.20455563334456,1.0,0.0,,0.229352964796718
2020-07-24 00:00:00+00:00,test,surgicalMasks,Proximity,2,3328,955.0,5609485.0,201.0,0.007733590046492112,0.06537460225629159,0.9528818877228877,5.1795,16.443796181131383,2,0.2008950525672153,1.0,0.0,,0.25122253439348435
2020-07-24 00:00:00+00:00,test,faceShields,Proximity,8,3213,2653.0,2542086.0,1007.0,0.014913459678416653,0.10898169336384439,0.9084588877756148,13.304341608738829,32.95390589944462,8,0.19540670212058497,1.0,0.0,,0.29510205448208493
2020-04-03 00:00:00+00:00,calibration,respirators,Demand proportional,1,24,20.0,48769.0,20.0,0.00041009657774405874,0.041666666666666664,0.9583333333333333,1237.3895,6.509027777777777,1,0.16679883750591412,1.0,0.0,,0.31480155527035386
2020-04-24 00:00:00+00:00,calibration,respirators,Demand proportional,204,2438,21774.0,5187810.0,21774.0,0.0042009857686161655,0.0012305168170631665,0.9991388694179459,1059.2194891843487,4.661184150460625,204,0.1588742437827796,1.0,0.0,,0.3275307927151882
2020-04-24 00:00:00+00:00,calibration,surgicalMasks,Demand proportional,112,1494,19401.0,4607787.0,19401.0,0.0042104810834354975,0.0006693440428380187,0.999330655957162,893.8001633163237,4.011940368671335,112,0.16529496714014985,1.0,0.0,,0.33220230218266095
2020-04-24 00:00:00+00:00,calibration,faceShields,Demand proportional,115,2028,17787.0,2286152.0,17787.0,0.007780322568228184,0.0004930966469428008,0.9995069033530573,1342.4929654522966,4.411995681537077,115,0.15084191473903244,1.0,0.0,,0.3268086699300167
2020-04-24 00:00:00+00:00,calibration,gowns,Demand proportional,23,2069,3010.0,6474451.0,3010.0,0.00046490428300407247,0.0014499758337361043,0.9990144018086964,1100.0330013289038,4.812638427464009,23,0.15603349933900937,1.0,0.0,,0.3206676284679206
2020-05-01 00:00:00+00:00,calibration,respirators,Demand proportional,42,2952,4860.0,5393563.0,4860.0,0.00492192850812975,0.0010162601626016261,0.9992659909486572,1389.2310105967083,3.5217272328913274,42,0.14994629608738858,1.0,0.0,,0.3175784071994151
2020-05-01 00:00:00+00:00,calibration,surgicalMasks,Demand proportional,45,1927,9171.0,4808481.0,9171.0,0.005918123102428767,0.0005189413596263622,0.9994810586403737,1452.8341202158979,3.984876962203726,45,0.14723560108681244,1.0,0.0,,0.3207672176316055
2020-05-01 00:00:00+00:00,calibration,faceShields,Demand proportional,30,2449,8119.0,2437010.0,8119.0,0.01055321478721051,0.0004083299305839118,0.9995916700694161,885.9937240423696,3.1583545070889953,30,0.16908032533105916,1.0,0.0,,0.31538047890594273
2020-05-01 00:00:00+00:00,calibration,gowns,Demand proportional,5,2496,634.0,6857623.0,634.0,0.0005311463242531702,0.001201923076923077,0.9990425954853785,201.10478154574133,2.1920009091307393,5,0.19032103531890107,1.0,0.0,,0.30157776834723865
2020-05-08 00:00:00+00:00,calibration,respirators,Demand proportional,13,3086,2546.0,5407386.0,2546.0,0.005373534239718515,0.0009721322099805574,0.9993032948568243,1181.4127360565592,4.793026747657909,13,0.15489430861704995,1.0,0.0,,0.29752862045526607
2020-05-08 00:00:00+00:00,calibration,surgicalMasks,Demand proportional,26,2027,3475.0,4873840.0,3475.0,0.006536986283486578,0.000493339911198816,0.9995066600888012,1611.6972234532377,3.1088995803357307,26,0.14360520807692562,1.0,0.0,,0.30967820254201106
2020-05-08 00:00:00+00:00,calibration,faceShields,Demand proportional,13,2538,1085.0,2435438.0,1085.0,0.010965960060844807,0.0003940110323089047,0.9996059889676912,764.249169124424,4.301566692268305,13,0.17137114086124006,1.0,0.0,,0.30289915790325644
2020-05-08 00:00:00+00:00,calibration,gowns,Demand proportional,2,2616,301.0,6986608.0,301.0,0.0005643573364737066,0.0011467889908256881,0.9990687123793134,22.20421428571429,5.654522694413682,2,0.1905061348727296,1.0,0.0,,0.2320430316215767
2020-05-15 00:00:00+00:00,calibration,respirators,Demand proportional,16,3181,963.0,5467070.0,963.0,0.0054879036146331965,0.0009430996541967935,0.9993160965112255,2139.193679127726,2.517827355197877,16,0.12679048698017173,1.0,0.0,,0.2953393617221563
2020-05-15 00:00:00+00:00,calibration,surgicalMasks,Demand proportional,11,2087,2640.0,4894908.0,2640.0,0.007040251027257201,0.0004791566842357451,0.9995208433157643,1427.9257234848485,1.3604402093855221,11,0.15281478390230863,1.0,0.0,,0.29077077999912315
2020-05-15 00:00:00+00:00,calibration,faceShields,Demand proportional,17,2596,5370.0,2442782.0,5370.0,0.01310282361982255,0.0003852080123266564,0.9996147919876734,1169.9909581005588,2.5634926977722605,17,0.16148714543951248,1.0,0.0,,0.2988098602794064
2020-05-22 00:00:00+00:00,calibration,respirators,Demand proportional,2,3247,1200.0,5471505.0,1200.0,0.005700634789303899,0.0009239297813366184,0.9993327004463441,419.3775833333333,0.5936226851851852,2,0.18739104061256862,1.0,0.0,,0.2690597055712078
2020-05-22 00:00:00+00:00,calibration,surgicalMasks,Demand proportional,5,2132,2590.0,4907743.0,2590.0,0.007542241367100798,0.00046904315196998124,0.99953095684803,425.29745559845566,1.3746719934219935,5,0.18638315205455327,1.0,0.0,,0.27244046891311047
2020-05-22 00:00:00+00:00,calibration,faceShields,Demand proportional,6,2641,1499.0,2439718.0,1499.0,0.01369697327633947,0.0003786444528587656,0.9996213555471412,621.6593195463643,1.6006050715909368,6,0.1815746782129749,1.0,0.0,,0.2848887137684651
2020-05-22 00:00:00+00:00,calibration,gowns,Demand proportional,2,2747,324.0,7064934.0,324.0,0.0006039147084000165,0.0010921004732435385,0.999152805637411,2180.7331481481483,2.8576706104252403,2,0.12319994484978834,1.0,0.0,,0.24091624011659266
2020-05-29 00:00:00+00:00,calibration,respirators,Demand proportional,5,3358,1072.0,5496142.0,1072.0,0.005867927754022837,0.0008933889219773674,0.9993579489116002,1453.7048656716422,3.164506331191266,5,0.14867452608770879,1.0,0.0,,0.277812171884271
2020-05-29 00:00:00+00:00,calibration,surgicalMasks,Demand proportional,5,2210,1155.0,4932389.0,1155.0,0.007733316484447848,0.00045248868778280545,0.9995475113122172,1108.6925562770566,6.181139019159852,5,0.15565196377122403,1.0,0.0,,0.28070667701009666
2020-05-29 00:00:00+00:00,calibration,faceShields,Demand proportional,5,2706,959.0,2447215.0,959.0,0.014033836139576594,0.0003695491500369549,0.9996304508499629,1473.3310557872783,3.7235356563549993,5,0.14976121181286753,1.0,0.0,,0.2806785383022741
2020-05-29 00:00:00+00:00,calibration,gowns,Demand proportional,1,2821,50.0,7142543.0,50.0,0.0006043253971141258,0.0010634526763559022,0.9991804758066365,2175.199,5.508599537037037,1,0.11895364933502323,1.0,0.0,,0.23788193225539925
2020-06-05 00:00:00+00:00,calibration,surgicalMasks,Demand proportional,1,2468,250.0,5086192.0,250.0,0.007548261101692534,0.0004051863857374392,0.9995948136142625,5.1795,6.902337962962963,1,0.191147678654236,1.0,0.0,,0.2111004106731808
2020-06-05 00:00:00+00:00,calibration,faceShields,Demand proportional,3,2855,2112.0,2464425.0,2112.0,0.014776868525041972,0.0003502626970227671,0.9996497373029771,1818.8374166666665,1.1651982937008978,3,0.1427596111523679,1.0,0.0,,0.2818744209493708
2020-06-12 00:00:00+00:00,validation,respirators,Demand proportional,4,4166,1945.0,5780650.0,1945.0,0.005914243469689502,0.0007201152184349496,0.9994841154782785,1277.614032133676,2.9401088677044656,4,0.15486587507271438,1.0,0.0,,0.2977824548064578
2020-06-12 00:00:00+00:00,validation,faceShields,Demand proportional,2,3077,206.0,2493588.0,206.0,0.014675645588908836,0.00032499187520311994,0.9996750081247969,2381.345291262136,2.3599804476806905,2,0.12197124517842048,1.0,0.0,,0.2534768951945401
2020-06-19 00:00:00+00:00,validation,respirators,Demand proportional,1,4538,1000.0,5865462.0,1000.0,0.0059967707609797005,0.0006610841780520053,0.9995331830283036,2550.7465,5.979548611111111,1,0.10736670652000997,1.0,0.0,,0.24476599247044464
2020-06-19 00:00:00+00:00,validation,surgicalMasks,Demand proportional,3,3163,1110.0,5491492.0,1110.0,0.007195433633733767,0.0003161555485298767,0.9996838444514702,966.124972972973,3.564568005505506,3,0.164515559327037,1.0,0.0,,0.2788781850564588
2020-06-19 00:00:00+00:00,validation,faceShields,Demand proportional,4,3263,850.0,2516910.0,850.0,0.014873258009739054,0.00030646644192460924,0.9996935335580754,2055.1485000000002,1.6092824074074075,4,0.13415646285659572,1.0,0.0,,0.26878304175726253
2020-06-19 00:00:00+00:00,validation,gowns,Demand proportional,1,3628,100.0,7610265.0,100.0,0.0005803337385207124,0.0008269018743109151,0.9993709507880799,1761.3945,3.3454282407407407,1,0.13624678838487608,1.0,0.0,,0.2536742271286347
2020-06-26 00:00:00+00:00,validation,respirators,Demand proportional,1,4648,800.0,5889313.0,800.0,0.00610664552576817,0.0006454388984509467,0.999540254458986,46.091,5.375034722222222,1,0.19189587689646403,1.0,0.0,,0.21625110337266124
2020-06-26 00:00:00+00:00,validation,surgicalMasks,Demand proportional,1,3258,600.0,5522913.0,600.0,0.007261215541719362,0.0003069367710251688,0.9996930632289749,1954.693,3.279421296296296,1,0.13205741149273595,1.0,0.0,,0.24852405563276606
2020-06-26 00:00:00+00:00,validation,faceShields,Demand proportional,3,3331,302.0,2523605.0,302.0,0.014947345244675968,0.0003002101471029721,0.999699789852897,2317.652291390729,0.9761710510179051,3,0.12648463727044548,1.0,0.0,,0.2868056518028127
2020-07-03 00:00:00+00:00,test,respirators,Demand proportional,1,4727,3.0,5902828.0,3.0,0.006092431598004246,0.0006346519991537973,0.999547923604128,349.019,0.7224652777777778,1,0.18954335387530136,1.0,0.0,,0.2059515259289223
2020-07-03 00:00:00+00:00,test,surgicalMasks,Demand proportional,3,3326,1330.0,5567890.0,1330.0,0.007439354868389285,0.0003006614552014432,0.9996993385447985,2145.23384962406,1.8442693539404065,3,0.1281574946147409,1.0,0.0,,0.2877692292665811
2020-07-03 00:00:00+00:00,test,faceShields,Demand proportional,2,3385,30.0,2528258.0,30.0,0.014930176614727881,0.0002954209748892171,0.9997045790251107,244.64075,3.9287017746913575,2,0.190655973296036,1.0,0.0,,0.2574501198889462
2020-07-10 00:00:00+00:00,test,respirators,Demand proportional,3,4791,65.0,5910326.0,65.0,0.006095677312520674,0.0006261740763932373,0.9995537109216959,985.7739230769231,2.511090633903134,3,0.16533500656840538,1.0,0.0,,0.28668873975320736
2020-07-10 00:00:00+00:00,test,surgicalMasks,Demand proportional,6,3380,2730.0,5584876.0,2730.0,0.007900333380845762,0.0002958579881656805,0.9997041420118342,1639.4747307692307,1.6547475749559084,6,0.1454911824607364,1.0,0.0,,0.27957287612275944
2020-07-10 00:00:00+00:00,test,faceShields,Demand proportional,3,3425,95.0,2531082.0,95.0,0.014950566299304779,0.00029197080291970805,0.9997080291970804,582.8213421052632,4.622482334307992,3,0.17823256977204843,1.0,0.0,,0.277717104243375
2020-07-17 00:00:00+00:00,test,respirators,Demand proportional,2,4887,15.0,5926504.0,15.0,0.006081587830585608,0.0006138735420503376,0.99956240863348,1726.0774999999996,5.719552469135802,2,0.13530103828429524,1.0,0.0,,0.2756751269638991
2020-07-17 00:00:00+00:00,test,surgicalMasks,Demand proportional,1,3455,20.0,5607950.0,20.0,0.007867805580707104,0.0002894356005788712,0.9997105643994211,2144.701,6.857303240740741,1,0.11996510590560676,1.0,0.0,,0.2400672138617312
2020-07-17 00:00:00+00:00,test,faceShields,Demand proportional,3,3495,1202.0,2541115.0,1202.0,0.015357842458836478,0.0002861230329041488,0.9997138769670959,1866.36331281198,5.9155838070807905,3,0.13343258345319897,1.0,0.0,,0.26568283670167
2020-07-24 00:00:00+00:00,test,respirators,Demand proportional,1,4893,500.0,5926685.0,500.0,0.00616523907302227,0.0006131207847946045,0.9995606729962399,31.625,6.0881944444444445,1,0.1911978218651011,1.0,0.0,,0.20282341748161467
2020-07-24 00:00:00+00:00,test,faceShields,Demand proportional,1,3496,500.0,2539933.0,500.0,0.015551555717685534,0.0002860411899313501,0.9997139588100687,31.625,6.0881944444444445,1,0.19437060562925162,1.0,0.0,,0.20696328073963105
2020-04-03 00:00:00+00:00,calibration,respirators,Equal allocation,1,24,20.0,48769.0,20.0,0.00041009657774405874,0.041666666666666664,0.9583333333333333,1237.3895,6.509027777777777,1,0.16679883750591412,1.0,0.0,,0.31480155527035386
2020-04-24 00:00:00+00:00,calibration,respirators,Equal allocation,204,2438,21774.0,5187810.0,21774.0,0.0042009857686161655,0.022149302707136997,0.9940634747970067,95.62805132267844,4.661184150460625,204,0.1972387337748749,1.0,0.0,,0.3275307927151882
2020-04-24 00:00:00+00:00,calibration,surgicalMasks,Equal allocation,112,1494,19401.0,4607787.0,19401.0,0.0042104810834354975,0.029451137884872823,0.9899340115382711,28.05620047935672,4.011940368671335,112,0.20322787657900232,1.0,0.0,,0.33220230218266095
2020-04-24 00:00:00+00:00,calibration,faceShields,Equal allocation,115,2028,17787.0,2286152.0,17787.0,0.007780322568228184,0.023175542406311637,0.9932433857002383,90.2216981222241,4.411995681537077,115,0.19950760528710754,1.0,0.0,,0.3268086699300167
2020-04-24 00:00:00+00:00,calibration,gowns,Equal allocation,23,2069,3010.0,6474451.0,3010.0,0.00046490428300407247,0.01014983083615273,0.9957968731501547,61.53786694352159,4.812638427464009,23,0.1934684733008346,1.0,0.0,,0.3206676284679206
2020-05-01 00:00:00+00:00,calibration,respirators,Equal allocation,42,2952,4860.0,5393563.0,4860.0,0.00492192850812975,0.027439024390243903,0.9929887065119214,26.096216358024694,3.5217272328913274,42,0.2032452705062691,1.0,0.0,,0.3174987641170808
2020-05-01 00:00:00+00:00,calibration,surgicalMasks,Equal allocation,45,1927,9171.0,4808481.0,9171.0,0.005918123102428767,0.03217436429683446,0.9881844259745693,30.892667920619346,3.984876962203726,45,0.20480683176411796,1.0,0.0,,0.3206219404289548
2020-05-01 00:00:00+00:00,calibration,faceShields,Equal allocation,30,2449,8119.0,2437010.0,8119.0,0.01055321478721051,0.02735810534912209,0.9917015618159131,35.110630557950486,3.1583545070889953,30,0.20575856061920827,1.0,0.0,,0.31522040021030756
2020-05-01 00:00:00+00:00,calibration,gowns,Equal allocation,5,2496,634.0,6857623.0,634.0,0.0005311463242531702,0.010016025641025642,0.9968637193725682,43.997011829653,2.1920009091307393,5,0.19819726183969172,1.0,0.0,,0.3015637263894635
2020-05-08 00:00:00+00:00,calibration,respirators,Equal allocation,13,3086,2546.0,5407386.0,2546.0,0.005373534239718515,0.02916396629941672,0.9922556382680239,63.590340534171254,4.793026747657909,13,0.20061254497458203,1.0,0.0,,0.2973953474694495
2020-05-08 00:00:00+00:00,calibration,surgicalMasks,Equal allocation,26,2027,3475.0,4873840.0,3475.0,0.006536986283486578,0.03749383325111001,0.9869734292047099,67.43807683453235,3.1088995803357307,26,0.20683728247601188,1.0,0.0,,0.3094924685763995
2020-05-08 00:00:00+00:00,calibration,faceShields,Equal allocation,13,2535,1085.0,2435438.0,1085.0,0.010965960060844807,0.029944838455476755,0.9908500404877298,29.767024423963132,4.301566692268305,13,0.2049927755697063,1.0,0.0,,0.3026437761941134
2020-05-08 00:00:00+00:00,calibration,gowns,Equal allocation,2,2616,301.0,6986608.0,301.0,0.0005643573364737066,0.010321100917431193,0.9967292469327622,5.390139534883721,5.654522694413682,2,0.19382807510205224,1.0,0.0,,0.23202475262646258
2020-05-15 00:00:00+00:00,calibration,respirators,Equal allocation,16,3181,963.0,5467070.0,963.0,0.0054879036146331965,0.02986482238289846,0.9920323141189511,26.31575337487019,2.517827355197877,16,0.2059069383325639,1.0,0.0,,0.29523866413291533
2020-05-15 00:00:00+00:00,calibration,surgicalMasks,Equal allocation,11,2087,2640.0,4894908.0,2640.0,0.007040251027257201,0.03881169142309535,0.9858850095994218,159.81805303030302,1.3604402093855221,11,0.2073953400121102,1.0,0.0,,0.2905687777746026
2020-05-15 00:00:00+00:00,calibration,faceShields,Equal allocation,17,2593,5370.0,2442782.0,5370.0,0.01310282361982255,0.033513097072419104,0.9890018546490156,29.181290502793296,2.5634926977722605,17,0.2099186940921927,1.0,0.0,,0.2985609884722103
2020-05-22 00:00:00+00:00,calibration,respirators,Equal allocation,2,3247,1200.0,5471505.0,1200.0,0.005700634789303899,0.02987372959655066,0.9922683388245344,19.165750000000003,0.5936226851851852,2,0.20938175733517853,1.0,0.0,,0.2688735598355197
2020-05-22 00:00:00+00:00,calibration,surgicalMasks,Equal allocation,5,2132,2590.0,4907743.0,2590.0,0.007542241367100798,0.039399624765478425,0.9852858866935963,150.27703088803088,1.3746719934219935,5,0.2081321589791646,1.0,0.0,,0.27216059006584237
2020-05-22 00:00:00+00:00,calibration,faceShields,Equal allocation,6,2637,1499.0,2439718.0,1499.0,0.01369697327633947,0.0352139341158652,0.9882263503818818,22.070894262841893,1.6006050715909368,6,0.21254878250456247,1.0,0.0,,0.2846083024944221
2020-05-22 00:00:00+00:00,calibration,gowns,Equal allocation,2,2747,324.0,7064934.0,324.0,0.0006039147084000165,0.010556971241354204,0.9966108570512606,5.1795,2.8576706104252403,2,0.1985930071973177,1.0,0.0,,0.2408996795293703
2020-05-29 00:00:00+00:00,calibration,respirators,Equal allocation,5,3358,1072.0,5496142.0,1072.0,0.005867927754022837,0.030375223347230494,0.9919874508671036,9.575029850746269,3.164506331191266,5,0.20565674549695123,1.0,0.0,,0.277728485471786
2020-05-29 00:00:00+00:00,calibration,surgicalMasks,Equal allocation,5,2210,1155.0,4932389.0,1155.0,0.007733316484447848,0.039819004524886875,0.985142887388395,28.067277056277053,6.181139019159852,5,0.20439536015595716,1.0,0.0,,0.2803492087545166
2020-05-29 00:00:00+00:00,calibration,faceShields,Equal allocation,5,2702,959.0,2447215.0,959.0,0.014033836139576594,0.03621581670362158,0.987702037226069,20.62364337851929,3.7235356563549993,5,0.20953204183966778,1.0,0.0,,0.28046662626915847
2020-05-29 00:00:00+00:00,calibration,gowns,Equal allocation,1,2821,50.0,7142543.0,50.0,0.0006043253971141258,0.010634526763559022,0.9965948459414038,5.179500000000001,5.508599537037037,1,0.19419752716320388,1.0,0.0,,0.2378650138752896
2020-06-05 00:00:00+00:00,calibration,surgicalMasks,Equal allocation,1,2468,250.0,5086192.0,250.0,0.007548261101692534,0.03606158833063209,0.9865887877229744,5.1795,6.902337962962963,1,0.20266298431871727,1.0,0.0,,0.20938740223626617
2020-06-05 00:00:00+00:00,calibration,faceShields,Equal allocation,3,2851,2112.0,2464425.0,2112.0,0.014776868525041972,0.03537653239929948,0.9880071744089811,23.30080871212121,1.1651982937008978,3,0.21369591142188782,1.0,0.0,,0.28174609979758064
2020-06-12 00:00:00+00:00,validation,respirators,Equal allocation,4,4166,1945.0,5780650.0,1945.0,0.005914243469689502,0.025444071051368217,0.9936158122112977,104.63840745501284,2.9401088677044656,4,0.20131971217363265,1.0,0.0,,0.2977253272636533
2020-06-12 00:00:00+00:00,validation,faceShields,Equal allocation,2,3072,206.0,2493588.0,206.0,0.014675645588908836,0.03347416314592135,0.9887199178845345,18.0171213592233,2.3599804476806905,2,0.21122716170758293,1.0,0.0,,0.25364462767997153
2020-06-19 00:00:00+00:00,validation,respirators,Equal allocation,1,4538,1000.0,5865462.0,1000.0,0.0059967707609797005,0.02357866901718819,0.9942020832159058,5.1795,5.979548611111111,1,0.19901455602560694,1.0,0.0,,0.24477432211350852
2020-06-19 00:00:00+00:00,validation,surgicalMasks,Equal allocation,3,3163,1110.0,5491492.0,1110.0,0.007195433633733767,0.029086310464748657,0.9891979668458661,6.6089864864864865,3.564568005505506,3,0.20578913979342872,1.0,0.0,,0.2787953719543324
2020-06-19 00:00:00+00:00,validation,faceShields,Equal allocation,4,3258,850.0,2516910.0,850.0,0.014873258009739054,0.03279190928593319,0.9887838440863588,74.253,1.6092824074074075,4,0.21048961146194123,1.0,0.0,,0.2689006593769848
2020-06-19 00:00:00+00:00,validation,gowns,Equal allocation,1,3628,100.0,7610265.0,100.0,0.0005803337385207124,0.008544652701212789,0.9971532638712826,94.5685,3.3454282407407407,1,0.19418063014162773,1.0,0.0,,0.25358269463233923
2020-06-26 00:00:00+00:00,validation,respirators,Equal allocation,1,4648,800.0,5889313.0,800.0,0.00610664552576817,0.02323580034423408,0.9941990957886808,14.095999999999998,5.375034722222222,1,0.19967819899197087,1.0,0.0,,0.21626224785979772
2020-06-26 00:00:00+00:00,validation,surgicalMasks,Equal allocation,1,3258,600.0,5522913.0,600.0,0.007261215541719362,0.0285451197053407,0.9893001637928485,14.096,3.279421296296296,1,0.20588210378020677,1.0,0.0,,0.24848397314369755
2020-06-26 00:00:00+00:00,validation,faceShields,Equal allocation,3,3326,302.0,2523605.0,302.0,0.014947345244675968,0.03272290603422396,0.9889099096023395,5.1795,0.9761710510179051,3,0.2138307136720282,1.0,0.0,,0.2867284820328936
2020-07-03 00:00:00+00:00,test,respirators,Equal allocation,1,4727,3.0,5902828.0,3.0,0.006092431598004246,0.023059022635921304,0.994287098745462,5.1795,0.7224652777777778,1,0.2076629281728931,1.0,0.0,,0.20579241134981077
2020-07-03 00:00:00+00:00,test,surgicalMasks,Equal allocation,3,3326,1330.0,5567890.0,1330.0,0.007439354868389285,0.028562838244137103,0.9893642942496421,5.179500000000001,1.8442693539404065,3,0.20862519265847476,1.0,0.0,,0.28767907524459124
2020-07-03 00:00:00+00:00,test,faceShields,Equal allocation,2,3380,30.0,2528258.0,30.0,0.014930176614727881,0.032791728212703104,0.9890607565192602,43.970000000000006,3.9287017746913575,2,0.20759783960665956,1.0,0.0,,0.2574186030192023
2020-07-10 00:00:00+00:00,test,respirators,Equal allocation,3,4791,65.0,5910326.0,65.0,0.006095677312520674,0.023168440826549782,0.9942961198574358,44.19642307692308,2.511090633903134,3,0.20340800813546323,1.0,0.0,,0.28630474389566596
2020-07-10 00:00:00+00:00,test,surgicalMasks,Equal allocation,6,3380,2730.0,5584876.0,2730.0,0.007900333380845762,0.029289940828402368,0.9892872401593851,25.819882783882782,1.6547475749559084,6,0.20861157847413034,1.0,0.0,,0.2794787232396431
2020-07-10 00:00:00+00:00,test,faceShields,Equal allocation,3,3420,95.0,2531082.0,95.0,0.014950566299304779,0.03328467153284671,0.9890643095679859,10.341684210526315,4.622482334307992,3,0.207692144143507,1.0,0.0,,0.2776260537338542
2020-07-17 00:00:00+00:00,test,respirators,Equal allocation,2,4887,15.0,5926504.0,15.0,0.006081587830585608,0.02291794556987927,0.9944006664427287,14.096,5.719552469135802,2,0.1989754547294027,1.0,0.0,,0.27517839741210565
2020-07-17 00:00:00+00:00,test,surgicalMasks,Equal allocation,1,3455,20.0,5607950.0,20.0,0.007867805580707104,0.02865412445730825,0.9895183679002468,122.02849999999998,6.857303240740741,1,0.19651713408629062,1.0,0.0,,0.24003157041498802
2020-07-17 00:00:00+00:00,test,faceShields,Equal allocation,3,3490,1202.0,2541115.0,1202.0,0.015357842458836478,0.03347639484978541,0.9890747471123038,27.52892762063228,5.9155838070807905,3,0.20515245688475597,1.0,0.0,,0.2657499759171313
2020-07-24 00:00:00+00:00,test,respirators,Equal allocation,1,4893,500.0,5926685.0,500.0,0.00616523907302227,0.023094216227263438,0.9942961151438041,5.1795,6.0881944444444445,1,0.1987525239628721,1.0,0.0,,0.20160431366549955
2020-07-24 00:00:00+00:00,test,faceShields,Equal allocation,1,3490,500.0,2539933.0,500.0,0.015551555717685534,0.033752860411899316,0.9889362302203821,5.1795,6.0881944444444445,1,0.20577437281934763,1.0,0.0,,0.2071385223827713
