0,1,2,3,4,5,6,7,8,9,10,11,12,13,14,15,16,17,18,19,20,21,22,23,24,25,26,27,28,29,30,31,32,33,34,35,36,37,38,39,40,41,42,43,44,45,46,47,48,49,50,51,52,53,54,55,56,57,58,59,60,61,62,63
0.0,0.08914846823610355,0.0,0.0,0.010204938693903971,0.0,0.0,0.0,0.010204938693903971,0.0,0.0,0.0,0.0,0.0,0.0,0.0,0.0,0.0,0.0,0.0,0.0,0.0,0.0,0.0,0.0,0.0,0.0,0.0,0.0,0.0,0.0,0.0,0.0,0.0,0.0,0.0,0.0,0.0,0.0,0.0,0.0,0.0,0.0,0.0,0.0,0.0,0.0,0.0,0.6183084665842516,0.0,0.0,0.0,0.08914846823610355,0.0,0.0,0.0,0.0,0.0,0.0,0.0,0.0,0.0,0.0,0.0
0.08914846823610355,0.0,0.0,0.01584418324203062,0.0,0.010204938693903971,0.0,0.0,0.0,0.010204938693903971,0.0,0.0,0.0,0.0,0.0,0.0,0.0,0.0,0.0,0.0,0.0,0.0,0.0,0.0,0.0,0.0,0.0,0.0,0.0,0.0,0.0,0.0,0.0,0.0,0.0,0.0,0.0,0.0,0.0,0.0,0.0,0.0,0.0,0.0,0.0,0.0,0.0,0.0,0.0,0.6183084665842516,0.0,0.0,0.0,0.08914846823610355,0.0,0.0,0.0,0.0,0.0,0.0,0.0,0.0,0.0,0.0
0.0,0.0,0.0,0.0,0.0,0.0,0.010204938693903971,0.0,0.0,0.0,0.010204938693903971,0.0,0.0,0.0,0.0,0.0,0.0,0.0,0.0,0.0,0.0,0.0,0.0,0.0,0.0,0.0,0.0,0.0,0.0,0.0,0.0,0.0,0.0,0.0,0.0,0.0,0.0,0.0,0.0,0.0,0.0,0.0,0.0,0.0,0.0,0.0,0.0,0.0,0.0,0.0,0.6183084665842516,0.0,0.0,0.0,0.08914846823610355,0.0,0.0,0.0,0.0,0.0,0.0,0.0,0.0,0.0
0.0,0.01584418324203062,0.008144683151664233,0.0,0.0,0.0,0.0,0.010204938693903971,0.0,0.0,0.0,0.010204938693903971,0.0,0.0,0.0,0.0,0.0,0.0,0.0,0.0,0.0,0.0,0.0,0.0,0.0,0.0,0.0,0.0,0.0,0.0,0.0,0.0,0.0,0.0,0.0,0.0,0.0,0.0,0.0,0.0,0.0,0.0,0.0,0.0,0.0,0.0,0.0,0.0,0.0,0.0,0.0,0.6183084665842516,0.0,0.0,0.0,0.08914846823610355,0.0,0.0,0.0,0.0,0.0,0.0,0.0,0.0
0.010204938693903971,0.0,0.0,0.0,0.0,0.08914846823610355,0.0,0.0,0.010204938693903971,0.0,0.0,0.0,0.010204938693903971,0.0,0.0,0.0,0.0,0.0,0.0,0.0,0.0,0.0,0.0,0.0,0.0,0.0,0.0,0.0,0.0,0.0,0.0,0.0,0.0,0.0,0.0,0.0,0.0,0.0,0.0,0.0,0.0,0.0,0.0,0.0,0.0,0.0,0.0,0.0,0.6183084665842516,0.0,0.0,0.0,0.08914846823610355,0.0,0.0,0.0,0.0,0.0,0.0,0.0,0.0,0.0,0.0,0.0
0.0,0.010204938693903971,0.0,0.0,0.08914846823610355,0.0,0.0,0.01584418324203062,0.0,0.010204938693903971,0.0,0.0,0.0,0.010204938693903971,0.0,0.0,0.0,0.0,0.0,0.0,0.0,0.0,0.0,0.0,0.0,0.0,0.0,0.0,0.0,0.0,0.0,0.0,0.0,0.0,0.0,0.0,0.0,0.0,0.0,0.0,0.0,0.0,0.0,0.0,0.0,0.0,0.0,0.0,0.0,0.6183084665842516,0.0,0.0,0.0,0.08914846823610355,0.0,0.0,0.0,0.0,0.0,0.0,0.0,0.0,0.0,0.0
0.0,0.0,0.010204938693903971,0.0,0.0,0.0,0.0,0.0,0.0,0.0,0.010204938693903971,0.0,0.0,0.0,0.010204938693903971,0.0,0.0,0.0,0.0,0.0,0.0,0.0,0.0,0.0,0.0,0.0,0.0,0.0,0.0,0.0,0.0,0.0,0.0,0.0,0.0,0.0,0.0,0.0,0.0,0.0,0.0,0.0,0.0,0.0,0.0,0.0,0.0,0.0,0.0,0.0,0.6183084665842516,0.0,0.0,0.0,0.08914846823610355,0.0,0.0,0.0,0.0,0.0,0.0,0.0,0.0,0.0
0.0,0.0,0.0,0.010204938693903971,0.0,0.01584418324203062,0.008144683151664233,0.0,0.0,0.0,0.0,0.010204938693903971,0.0,0.0,0.0,0.010204938693903971,0.0,0.0,0.0,0.0,0.0,0.0,0.0,0.0,0.0,0.0,0.0,0.0,0.0,0.0,0.0,0.0,0.0,0.0,0.0,0.0,0.0,0.0,0.0,0.0,0.0,0.0,0.0,0.0,0.0,0.0,0.0,0.0,0.0,0.0,0.0,0.6183084665842516,0.0,0.0,0.0,0.08914846823610355,0.0,0.0,0.0,0.0,0.0,0.0,0.0,0.0
0.010204938693903971,0.0,0.0,0.0,0.010204938693903971,0.0,0.0,0.0,0.0,0.08914846823610355,0.0,0.0,0.010204938693903971,0.0,0.0,0.0,0.010204938693903971,0.0,0.0,0.0,0.0,0.0,0.0,0.0,0.0,0.0,0.0,0.0,0.0,0.0,0.0,0.0,0.0,0.0,0.0,0.0,0.0,0.0,0.0,0.0,0.0,0.0,0.0,0.0,0.0,0.0,0.0,0.0,0.6183084665842516,0.0,0.0,0.0,0.08914846823610355,0.0,0.0,0.0,0.0,0.0,0.0,0.0,0.0,0.0,0.0,0.0
0.0,0.010204938693903971,0.0,0.0,0.0,0.010204938693903971,0.0,0.0,0.08914846823610355,0.0,0.0,0.01584418324203062,0.0,0.010204938693903971,0.0,0.0,0.0,0.010204938693903971,0.0,0.0,0.0,0.0,0.0,0.0,0.0,0.0,0.0,0.0,0.0,0.0,0.0,0.0,0.0,0.0,0.0,0.0,0.0,0.0,0.0,0.0,0.0,0.0,0.0,0.0,0.0,0.0,0.0,0.0,0.0,0.6183084665842516,0.0,0.0,0.0,0.08914846823610355,0.0,0.0,0.0,0.0,0.0,0.0,0.0,0.0,0.0,0.0
0.0,0.0,0.010204938693903971,0.0,0.0,0.0,0.010204938693903971,0.0,0.0,0.0,0.0,0.0,0.0,0.0,0.010204938693903971,0.0,0.0,0.0,0.010204938693903971,0.0,0.0,0.0,0.0,0.0,0.0,0.0,0.0,0.0,0.0,0.0,0.0,0.0,0.0,0.0,0.0,0.0,0.0,0.0,0.0,0.0,0.0,0.0,0.0,0.0,0.0,0.0,0.0,0.0,0.0,0.0,0.6183084665842516,0.0,0.0,0.0,0.08914846823610355,0.0,0.0,0.0,0.0,0.0,0.0,0.0,0.0,0.0
0.0,0.0,0.0,0.010204938693903971,0.0,0.0,0.0,0.010204938693903971,0.0,0.01584418324203062,0.008144683151664233,0.0,0.0,0.0,0.0,0.010204938693903971,0.0,0.0,0.0,0.010204938693903971,0.0,0.0,0.0,0.0,0.0,0.0,0.0,0.0,0.0,0.0,0.0,0.0,0.0,0.0,0.0,0.0,0.0,0.0,0.0,0.0,0.0,0.0,0.0,0.0,0.0,0.0,0.0,0.0,0.0,0.0,0.0,0.6183084665842516,0.0,0.0,0.0,0.08914846823610355,0.0,0.0,0.0,0.0,0.0,0.0,0.0,0.0
0.0,0.0,0.0,0.0,0.010204938693903971,0.0,0.0,0.0,0.010204938693903971,0.0,0.0,0.0,0.0,0.08914846823610355,0.0,0.0,0.010204938693903971,0.0,0.0,0.0,0.010204938693903971,0.0,0.0,0.0,0.0,0.0,0.0,0.0,0.0,0.0,0.0,0.0,0.0,0.0,0.0,0.0,0.0,0.0,0.0,0.0,0.0,0.0,0.0,0.0,0.0,0.0,0.0,0.0,0.6183084665842516,0.0,0.0,0.0,0.08914846823610355,0.0,0.0,0.0,0.0,0.0,0.0,0.0,0.0,0.0,0.0,0.0
0.0,0.0,0.0,0.0,0.0,0.010204938693903971,0.0,0.0,0.0,0.010204938693903971,0.0,0.0,0.08914846823610355,0.0,0.0,0.01584418324203062,0.0,0.010204938693903971,0.0,0.0,0.0,0.010204938693903971,0.0,0.0,0.0,0.0,0.0,0.0,0.0,0.0,0.0,0.0,0.0,0.0,0.0,0.0,0.0,0.0,0.0,0.0,0.0,0.0,0.0,0.0,0.0,0.0,0.0,0.0,0.0,0.6183084665842516,0.0,0.0,0.0,0.08914846823610355,0.0,0.0,0.0,0.0,0.0,0.0,0.0,0.0,0.0,0.0
0.0,0.0,0.0,0.0,0.0,0.0,0.010204938693903971,0.0,0.0,0.0,0.010204938693903971,0.0,0.0,0.0,0.0,0.0,0.0,0.0,0.010204938693903971,0.0,0.0,0.0,0.010204938693903971,0.0,0.0,0.0,0.0,0.0,0.0,0.0,0.0,0.0,0.0,0.0,0.0,0.0,0.0,0.0,0.0,0.0,0.0,0.0,0.0,0.0,0.0,0.0,0.0,0.0,0.0,0.0,0.6183084665842516,0.0,0.0,0.0,0.08914846823610355,0.0,0.0,0.0,0.0,0.0,0.0,0.0,0.0,0.0
0.0,0.0,0.0,0.0,0.0,0.0,0.0,0.010204938693903971,0.0,0.0,0.0,0.010204938693903971,0.0,0.01584418324203062,0.008144683151664233,0.0,0.0,0.0,0.0,0.010204938693903971,0.0,0.0,0.0,0.010204938693903971,0.0,0.0,0.0,0.0,0.0,0.0,0.0,0.0,0.0,0.0,0.0,0.0,0.0,0.0,0.0,0.0,0.0,0.0,0.0,0.0,0.0,0.0,0.0,0.0,0.0,0.0,0.0,0.6183084665842516,0.0,0.0,0.0,0.08914846823610355,0.0,0.0,0.0,0.0,0.0,0.0,0.0,0.0
0.0,0.0,0.0,0.0,0.0,0.0,0.0,0.0,0.010204938693903971,0.0,0.0,0.0,0.010204938693903971,0.0,0.0,0.0,0.0,0.08914846823610355,0.0,0.0,0.010204938693903971,0.0,0.0,0.0,0.0,0.0,0.0,0.0,0.0,0.0,0.0,0.0,0.0,0.0,0.0,0.0,0.0,0.0,0.0,0.0,0.0,0.0,0.0,0.0,0.0,0.0,0.0,0.0,0.6183084665842516,0.0,0.0,0.0,0.08914846823610355,0.0,0.0,0.0,0.0,0.0,0.0,0.0,0.0,0.0,0.0,0.0
0.0,0.0,0.0,0.0,0.0,0.0,0.0,0.0,0.0,0.010204938693903971,0.0,0.0,0.0,0.010204938693903971,0.0,0.0,0.08914846823610355,0.0,0.0,0.01584418324203062,0.0,0.010204938693903971,0.0,0.0,0.0,0.0,0.0,0.0,0.0,0.0,0.0,0.0,0.0,0.0,0.0,0.0,0.0,0.0,0.0,0.0,0.0,0.0,0.0,0.0,0.0,0.0,0.0,0.0,0.0,0.6183084665842516,0.0,0.0,0.0,0.08914846823610355,0.0,0.0,0.0,0.0,0.0,0.0,0.0,0.0,0.0,0.0
0.0,0.0,0.0,0.0,0.0,0.0,0.0,0.0,0.0,0.0,0.010204938693903971,0.0,0.0,0.0,0.010204938693903971,0.0,0.0,0.0,0.0,0.0,0.0,0.0,0.010204938693903971,0.0,0.0,0.0,0.0,0.0,0.0,0.0,0.0,0.0,0.0,0.0,0.0,0.0,0.0,0.0,0.0,0.0,0.0,0.0,0.0,0.0,0.0,0.0,0.0,0.0,0.0,0.0,0.6183084665842516,0.0,0.0,0.0,0.08914846823610355,0.0,0.0,0.0,0.0,0.0,0.0,0.0,0.0,0.0
0.0,0.0,0.0,0.0,0.0,0.0,0.0,0.0,0.0,0.0,0.0,0.010204938693903971,0.0,0.0,0.0,0.010204938693903971,0.0,0.01584418324203062,0.008144683151664233,0.0,0.0,0.0,0.0,0.010204938693903971,0.0,0.0,0.0,0.0,0.0,0.0,0.0,0.0,0.0,0.0,0.0,0.0,0.0,0.0,0.0,0.0,0.0,0.0,0.0,0.0,0.0,0.0,0.0,0.0,0.0,0.0,0.0,0.6183084665842516,0.0,0.0,0.0,0.08914846823610355,0.0,0.0,0.0,0.0,0.0,0.0,0.0,0.0
0.0,0.0,0.0,0.0,0.0,0.0,0.0,0.0,0.0,0.0,0.0,0.0,0.010204938693903971,0.0,0.0,0.0,0.010204938693903971,0.0,0.0,0.0,0.0,0.08914846823610355,0.0,0.0,0.0,0.0,0.0,0.0,0.0,0.0,0.0,0.0,0.0,0.0,0.0,0.0,0.0,0.0,0.0,0.0,0.0,0.0,0.0,0.0,0.0,0.0,0.0,0.0,0.6183084665842516,0.0,0.0,0.0,0.08914846823610355,0.0,0.0,0.0,0.0,0.0,0.0,0.0,0.0,0.0,0.0,0.0
0.0,0.0,0.0,0.0,0.0,0.0,0.0,0.0,0.0,0.0,0.0,0.0,0.0,0.010204938693903971,0.0,0.0,0.0,0.010204938693903971,0.0,0.0,0.08914846823610355,0.0,0.0,0.01584418324203062,0.0,0.0,0.0,0.0,0.0,0.0,0.0,0.0,0.0,0.0,0.0,0.0,0.0,0.0,0.0,0.0,0.0,0.0,0.0,0.0,0.0,0.0,0.0,0.0,0.0,0.6183084665842516,0.0,0.0,0.0,0.08914846823610355,0.0,0.0,0.0,0.0,0.0,0.0,0.0,0.0,0.0,0.0
0.0,0.0,0.0,0.0,0.0,0.0,0.0,0.0,0.0,0.0,0.0,0.0,0.0,0.0,0.010204938693903971,0.0,0.0,0.0,0.010204938693903971,0.0,0.0,0.0,0.0,0.0,0.0,0.0,0.0,0.0,0.0,0.0,0.0,0.0,0.0,0.0,0.0,0.0,0.0,0.0,0.0,0.0,0.0,0.0,0.0,0.0,0.0,0.0,0.0,0.0,0.0,0.0,0.6183084665842516,0.0,0.0,0.0,0.08914846823610355,0.0,0.0,0.0,0.0,0.0,0.0,0.0,0.0,0.0
0.0,0.0,0.0,0.0,0.0,0.0,0.0,0.0,0.0,0.0,0.0,0.0,0.0,0.0,0.0,0.010204938693903971,0.0,0.0,0.0,0.010204938693903971,0.0,0.01584418324203062,0.008144683151664233,0.0,0.0,0.0,0.0,0.0,0.0,0.0,0.0,0.0,0.0,0.0,0.0,0.0,0.0,0.0,0.0,0.0,0.0,0.0,0.0,0.0,0.0,0.0,0.0,0.0,0.0,0.0,0.0,0.6183084665842516,0.0,0.0,0.0,0.08914846823610355,0.0,0.0,0.0,0.0,0.0,0.0,0.0,0.0
0.0,0.0,0.0,0.0,0.0,0.0,0.0,0.0,0.0,0.0,0.0,0.0,0.0,0.0,0.0,0.0,0.0,0.0,0.0,0.0,0.0,0.0,0.0,0.0,0.0,0.08914846823610355,0.0,0.0,0.010204938693903971,0.0,0.0,0.0,0.010204938693903971,0.0,0.0,0.0,0.0,0.0,0.0,0.0,0.0,0.0,0.0,0.0,0.0,0.0,0.0,0.0,0.08914846823610355,0.0,0.0,0.0,0.6183084665842516,0.0,0.0,0.0,0.0,0.0,0.0,0.0,0.0,0.0,0.0,0.0
0.0,0.0,0.0,0.0,0.0,0.0,0.0,0.0,0.0,0.0,0.0,0.0,0.0,0.0,0.0,0.0,0.0,0.0,0.0,0.0,0.0,0.0,0.0,0.0,0.08914846823610355,0.0,0.0,0.01584418324203062,0.0,0.010204938693903971,0.0,0.0,0.0,0.010204938693903971,0.0,0.0,0.0,0.0,0.0,0.0,0.0,0.0,0.0,0.0,0.0,0.0,0.0,0.0,0.0,0.08914846823610355,0.0,0.0,0.0,0.6183084665842516,0.0,0.0,0.0,0.0,0.0,0.0,0.0,0.0,0.0,0.0
0.0,0.0,0.0,0.0,0.0,0.0,0.0,0.0,0.0,0.0,0.0,0.0,0.0,0.0,0.0,0.0,0.0,0.0,0.0,0.0,0.0,0.0,0.0,0.0,0.0,0.0,0.0,0.0,0.0,0.0,0.010204938693903971,0.0,0.0,0.0,0.010204938693903971,0.0,0.0,0.0,0.0,0.0,0.0,0.0,0.0,0.0,0.0,0.0,0.0,0.0,0.0,0.0,0.08914846823610355,0.0,0.0,0.0,0.6183084665842516,0.0,0.0,0.0,0.0,0.0,0.0,0.0,0.0,0.0
0.0,0.0,0.0,0.0,0.0,0.0,0.0,0.0,0.0,0.0,0.0,0.0,0.0,0.0,0.0,0.0,0.0,0.0,0.0,0.0,0.0,0.0,0.0,0.0,0.0,0.01584418324203062,0.008144683151664233,0.0,0.0,0.0,0.0,0.010204938693903971,0.0,0.0,0.0,0.010204938693903971,0.0,0.0,0.0,0.0,0.0,0.0,0.0,0.0,0.0,0.0,0.0,0.0,0.0,0.0,0.0,0.08914846823610355,0.0,0.0,0.0,0.6183084665842516,0.0,0.0,0.0,0.0,0.0,0.0,0.0,0.0
0.0,0.0,0.0,0.0,0.0,0.0,0.0,0.0,0.0,0.0,0.0,0.0,0.0,0.0,0.0,0.0,0.0,0.0,0.0,0.0,0.0,0.0,0.0,0.0,0.010204938693903971,0.0,0.0,0.0,0.0,0.08914846823610355,0.0,0.0,0.010204938693903971,0.0,0.0,0.0,0.010204938693903971,0.0,0.0,0.0,0.0,0.0,0.0,0.0,0.0,0.0,0.0,0.0,0.08914846823610355,0.0,0.0,0.0,0.6183084665842516,0.0,0.0,0.0,0.0,0.0,0.0,0.0,0.0,0.0,0.0,0.0
0.0,0.0,0.0,0.0,0.0,0.0,0.0,0.0,0.0,0.0,0.0,0.0,0.0,0.0,0.0,0.0,0.0,0.0,0.0,0.0,0.0,0.0,0.0,0.0,0.0,0.010204938693903971,0.0,0.0,0.08914846823610355,0.0,0.0,0.01584418324203062,0.0,0.010204938693903971,0.0,0.0,0.0,0.010204938693903971,0.0,0.0,0.0,0.0,0.0,0.0,0.0,0.0,0.0,0.0,0.0,0.08914846823610355,0.0,0.0,0.0,0.6183084665842516,0.0,0.0,0.0,0.0,0.0,0.0,0.0,0.0,0.0,0.0
0.0,0.0,0.0,0.0,0.0,0.0,0.0,0.0,0.0,0.0,0.0,0.0,0.0,0.0,0.0,0.0,0.0,0.0,0.0,0.0,0.0,0.0,0.0,0.0,0.0,0.0,0.010204938693903971,0.0,0.0,0.0,0.0,0.0,0.0,0.0,0.010204938693903971,0.0,0.0,0.0,0.010204938693903971,0.0,0.0,0.0,0.0,0.0,0.0,0.0,0.0,0.0,0.0,0.0,0.08914846823610355,0.0,0.0,0.0,0.6183084665842516,0.0,0.0,0.0,0.0,0.0,0.0,0.0,0.0,0.0
0.0,0.0,0.0,0.0,0.0,0.0,0.0,0.0,0.0,0.0,0.0,0.0,0.0,0.0,0.0,0.0,0.0,0.0,0.0,0.0,0.0,0.0,0.0,0.0,0.0,0.0,0.0,0.010204938693903971,0.0,0.01584418324203062,0.008144683151664233,0.0,0.0,0.0,0.0,0.010204938693903971,0.0,0.0,0.0,0.010204938693903971,0.0,0.0,0.0,0.0,0.0,0.0,0.0,0.0,0.0,0.0,0.0,0.08914846823610355,0.0,0.0,0.0,0.6183084665842516,0.0,0.0,0.0,0.0,0.0,0.0,0.0,0.0
0.0,0.0,0.0,0.0,0.0,0.0,0.0,0.0,0.0,0.0,0.0,0.0,0.0,0.0,0.0,0.0,0.0,0.0,0.0,0.0,0.0,0.0,0.0,0.0,0.010204938693903971,0.0,0.0,0.0,0.010204938693903971,0.0,0.0,0.0,0.0,0.08914846823610355,0.0,0.0,0.010204938693903971,0.0,0.0,0.0,0.010204938693903971,0.0,0.0,0.0,0.0,0.0,0.0,0.0,0.08914846823610355,0.0,0.0,0.0,0.6183084665842516,0.0,0.0,0.0,0.0,0.0,0.0,0.0,0.0,0.0,0.0,0.0
0.0,0.0,0.0,0.0,0.0,0.0,0.0,0.0,0.0,0.0,0.0,0.0,0.0,0.0,0.0,0.0,0.0,0.0,0.0,0.0,0.0,0.0,0.0,0.0,0.0,0.010204938693903971,0.0,0.0,0.0,0.010204938693903971,0.0,0.0,0.08914846823610355,0.0,0.0,0.01584418324203062,0.0,0.010204938693903971,0.0,0.0,0.0,0.010204938693903971,0.0,0.0,0.0,0.0,0.0,0.0,0.0,0.08914846823610355,0.0,0.0,0.0,0.6183084665842516,0.0,0.0,0.0,0.0,0.0,0.0,0.0,0.0,0.0,0.0
0.0,0.0,0.0,0.0,0.0,0.0,0.0,0.0,0.0,0.0,0.0,0.0,0.0,0.0,0.0,0.0,0.0,0.0,0.0,0.0,0.0,0.0,0.0,0.0,0.0,0.0,0.010204938693903971,0.0,0.0,0.0,0.010204938693903971,0.0,0.0,0.0,0.0,0.0,0.0,0.0,0.010204938693903971,0.0,0.0,0.0,0.010204938693903971,0.0,0.0,0.0,0.0,0.0,0.0,0.0,0.08914846823610355,0.0,0.0,0.0,0.6183084665842516,0.0,0.0,0.0,0.0,0.0,0.0,0.0,0.0,0.0
0.0,0.0,0.0,0.0,0.0,0.0,0.0,0.0,0.0,0.0,0.0,0.0,0.0,0.0,0.0,0.0,0.0,0.0,0.0,0.0,0.0,0.0,0.0,0.0,0.0,0.0,0.0,0.010204938693903971,0.0,0.0,0.0,0.010204938693903971,0.0,0.01584418324203062,0.008144683151664233,0.0,0.0,0.0,0.0,0.010204938693903971,0.0,0.0,0.0,0.010204938693903971,0.0,0.0,0.0,0.0,0.0,0.0,0.0,0.08914846823610355,0.0,0.0,0.0,0.6183084665842516,0.0,0.0,0.0,0.0,0.0,0.0,0.0,0.0
0.0,0.0,0.0,0.0,0.0,0.0,0.0,0.0,0.0,0.0,0.0,0.0,0.0,0.0,0.0,0.0,0.0,0.0,0.0,0.0,0.0,0.0,0.0,0.0,0.0,0.0,0.0,0.0,0.010204938693903971,0.0,0.0,0.0,0.010204938693903971,0.0,0.0,0.0,0.0,0.08914846823610355,0.0,0.0,0.010204938693903971,0.0,0.0,0.0,0.010204938693903971,0.0,0.0,0.0,0.08914846823610355,0.0,0.0,0.0,0.6183084665842516,0.0,0.0,0.0,0.0,0.0,0.0,0.0,0.0,0.0,0.0,0.0
0.0,0.0,0.0,0.0,0.0,0.0,0.0,0.0,0.0,0.0,0.0,0.0,0.0,0.0,0.0,0.0,0.0,0.0,0.0,0.0,0.0,0.0,0.0,0.0,0.0,0.0,0.0,0.0,0.0,0.010204938693903971,0.0,0.0,0.0,0.010204938693903971,0.0,0.0,0.08914846823610355,0.0,0.0,0.01584418324203062,0.0,0.010204938693903971,0.0,0.0,0.0,0.010204938693903971,0.0,0.0,0.0,0.08914846823610355,0.0,0.0,0.0,0.6183084665842516,0.0,0.0,0.0,0.0,0.0,0.0,0.0,0.0,0.0,0.0
0.0,0.0,0.0,0.0,0.0,0.0,0.0,0.0,0.0,0.0,0.0,0.0,0.0,0.0,0.0,0.0,0.0,0.0,0.0,0.0,0.0,0.0,0.0,0.0,0.0,0.0,0.0,0.0,0.0,0.0,0.010204938693903971,0.0,0.0,0.0,0.010204938693903971,0.0,0.0,0.0,0.0,0.0,0.0,0.0,0.010204938693903971,0.0,0.0,0.0,0.010204938693903971,0.0,0.0,0.0,0.08914846823610355,0.0,0.0,0.0,0.6183084665842516,0.0,0.0,0.0,0.0,0.0,0.0,0.0,0.0,0.0
0.0,0.0,0.0,0.0,0.0,0.0,0.0,0.0,0.0,0.0,0.0,0.0,0.0,0.0,0.0,0.0,0.0,0.0,0.0,0.0,0.0,0.0,0.0,0.0,0.0,0.0,0.0,0.0,0.0,0.0,0.0,0.010204938693903971,0.0,0.0,0.0,0.010204938693903971,0.0,0.01584418324203062,0.008144683151664233,0.0,0.0,0.0,0.0,0.010204938693903971,0.0,0.0,0.0,0.010204938693903971,0.0,0.0,0.0,0.08914846823610355,0.0,0.0,0.0,0.6183084665842516,0.0,0.0,0.0,0.0,0.0,0.0,0.0,0.0
0.0,0.0,0.0,0.0,0.0,0.0,0.0,0.0,0.0,0.0,0.0,0.0,0.0,0.0,0.0,0.0,0.0,0.0,0.0,0.0,0.0,0.0,0.0,0.0,0.0,0.0,0.0,0.0,0.0,0.0,0.0,0.0,0.010204938693903971,0.0,0.0,0.0,0.010204938693903971,0.0,0.0,0.0,0.0,0.08914846823610355,0.0,0.0,0.010204938693903971,0.0,0.0,0.0,0.08914846823610355,0.0,0.0,0.0,0.6183084665842516,0.0,0.0,0.0,0.0,0.0,0.0,0.0,0.0,0.0,0.0,0.0
0.0,0.0,0.0,0.0,0.0,0.0,0.0,0.0,0.0,0.0,0.0,0.0,0.0,0.0,0.0,0.0,0.0,0.0,0.0,0.0,0.0,0.0,0.0,0.0,0.0,0.0,0.0,0.0,0.0,0.0,0.0,0.0,0.0,0.010204938693903971,0.0,0.0,0.0,0.010204938693903971,0.0,0.0,0.08914846823610355,0.0,0.0,0.01584418324203062,0.0,0.010204938693903971,0.0,0.0,0.0,0.08914846823610355,0.0,0.0,0.0,0.6183084665842516,0.0,0.0,0.0,0.0,0.0,0.0,0.0,0.0,0.0,0.0
0.0,0.0,0.0,0.0,0.0,0.0,0.0,0.0,0.0,0.0,0.0,0.0,0.0,0.0,0.0,0.0,0.0,0.0,0.0,0.0,0.0,0.0,0.0,0.0,0.0,0.0,0.0,0.0,0.0,0.0,0.0,0.0,0.0,0.0,0.010204938693903971,0.0,0.0,0.0,0.010204938693903971,0.0,0.0,0.0,0.0,0.0,0.0,0.0,0.010204938693903971,0.0,0.0,0.0,0.08914846823610355,0.0,0.0,0.0,0.6183084665842516,0.0,0.0,0.0,0.0,0.0,0.0,0.0,0.0,0.0
0.0,0.0,0.0,0.0,0.0,0.0,0.0,0.0,0.0,0.0,0.0,0.0,0.0,0.0,0.0,0.0,0.0,0.0,0.0,0.0,0.0,0.0,0.0,0.0,0.0,0.0,0.0,0.0,0.0,0.0,0.0,0.0,0.0,0.0,0.0,0.010204938693903971,0.0,0.0,0.0,0.010204938693903971,0.0,0.01584418324203062,0.008144683151664233,0.0,0.0,0.0,0.0,0.010204938693903971,0.0,0.0,0.0,0.08914846823610355,0.0,0.0,0.0,0.6183084665842516,0.0,0.0,0.0,0.0,0.0,0.0,0.0,0.0
0.0,0.0,0.0,0.0,0.0,0.0,0.0,0.0,0.0,0.0,0.0,0.0,0.0,0.0,0.0,0.0,0.0,0.0,0.0,0.0,0.0,0.0,0.0,0.0,0.0,0.0,0.0,0.0,0.0,0.0,0.0,0.0,0.0,0.0,0.0,0.0,0.010204938693903971,0.0,0.0,0.0,0.010204938693903971,0.0,0.0,0.0,0.0,0.08914846823610355,0.0,0.0,0.08914846823610355,0.0,0.0,0.0,0.6183084665842516,0.0,0.0,0.0,0.0,0.0,0.0,0.0,0.0,0.0,0.0,0.0
0.0,0.0,0.0,0.0,0.0,0.0,0.0,0.0,0.0,0.0,0.0,0.0,0.0,0.0,0.0,0.0,0.0,0.0,0.0,0.0,0.0,0.0,0.0,0.0,0.0,0.0,0.0,0.0,0.0,0.0,0.0,0.0,0.0,0.0,0.0,0.0,0.0,0.010204938693903971,0.0,0.0,0.0,0.010204938693903971,0.0,0.0,0.08914846823610355,0.0,0.0,0.01584418324203062,0.0,0.08914846823610355,0.0,0.0,0.0,0.6183084665842516,0.0,0.0,0.0,0.0,0.0,0.0,0.0,0.0,0.0,0.0
0.0,0.0,0.0,0.0,0.0,0.0,0.0,0.0,0.0,0.0,0.0,0.0,0.0,0.0,0.0,0.0,0.0,0.0,0.0,0.0,0.0,0.0,0.0,0.0,0.0,0.0,0.0,0.0,0.0,0.0,0.0,0.0,0.0,0.0,0.0,0.0,0.0,0.0,0.010204938693903971,0.0,0.0,0.0,0.010204938693903971,0.0,0.0,0.0,0.0,0.0,0.0,0.0,0.08914846823610355,0.0,0.0,0.0,0.6183084665842516,0.0,0.0,0.0,0.0,0.0,0.0,0.0,0.0,0.0
0.0,0.0,0.0,0.0,0.0,0.0,0.0,0.0,0.0,0.0,0.0,0.0,0.0,0.0,0.0,0.0,0.0,0.0,0.0,0.0,0.0,0.0,0.0,0.0,0.0,0.0,0.0,0.0,0.0,0.0,0.0,0.0,0.0,0.0,0.0,0.0,0.0,0.0,0.0,0.010204938693903971,0.0,0.0,0.0,0.010204938693903971,0.0,0.01584418324203062,0.008144683151664233,0.0,0.0,0.0,0.0,0.08914846823610355,0.0,0.0,0.0,0.6183084665842516,0.0,0.0,0.0,0.0,0.0,0.0,0.0,0.0
0.4176271612151797,0.0,0.0,0.0,0.4176271612151797,0.0,0.0,0.0,0.4176271612151797,0.0,0.0,0.0,0.4176271612151797,0.0,0.0,0.0,0.4176271612151797,0.0,0.0,0.0,0.4176271612151797,0.0,0.0,0.0,0.02418535206102608,0.0,0.0,0.0,0.02418535206102608,0.0,0.0,0.0,0.02418535206102608,0.0,0.0,0.0,0.02418535206102608,0.0,0.0,0.0,0.02418535206102608,0.0,0.0,0.0,0.02418535206102608,0.0,0.0,0.0,0.0,0.0,0.0,0.0,0.0,0.0,0.0,0.0,0.6354706417390674,0.0,0.0,0.0,0.30997525801452813,0.0,0.0,0.0
0.0,0.4176271612151797,0.0,0.0,0.0,0.4176271612151797,0.0,0.0,0.0,0.4176271612151797,0.0,0.0,0.0,0.4176271612151797,0.0,0.0,0.0,0.4176271612151797,0.0,0.0,0.0,0.4176271612151797,0.0,0.0,0.0,0.02418535206102608,0.0,0.0,0.0,0.02418535206102608,0.0,0.0,0.0,0.02418535206102608,0.0,0.0,0.0,0.02418535206102608,0.0,0.0,0.0,0.02418535206102608,0.0,0.0,0.0,0.02418535206102608,0.0,0.0,0.0,0.0,0.0,0.0,0.0,0.0,0.0,0.0,0.0,0.6354706417390674,0.0,0.0,0.0,0.30997525801452813,0.0,0.0
0.0,0.0,0.4176271612151797,0.0,0.0,0.0,0.4176271612151797,0.0,0.0,0.0,0.4176271612151797,0.0,0.0,0.0,0.4176271612151797,0.0,0.0,0.0,0.4176271612151797,0.0,0.0,0.0,0.4176271612151797,0.0,0.0,0.0,0.02418535206102608,0.0,0.0,0.0,0.02418535206102608,0.0,0.0,0.0,0.02418535206102608,0.0,0.0,0.0,0.02418535206102608,0.0,0.0,0.0,0.02418535206102608,0.0,0.0,0.0,0.02418535206102608,0.0,0.0,0.0,0.0,0.0,0.0,0.0,0.0,0.0,0.0,0.0,0.6354706417390674,0.0,0.0,0.0,0.30997525801452813,0.0
0.0,0.0,0.0,0.4176271612151797,0.0,0.0,0.0,0.4176271612151797,0.0,0.0,0.0,0.4176271612151797,0.0,0.0,0.0,0.4176271612151797,0.0,0.0,0.0,0.4176271612151797,0.0,0.0,0.0,0.4176271612151797,0.0,0.0,0.0,0.02418535206102608,0.0,0.0,0.0,0.02418535206102608,0.0,0.0,0.0,0.02418535206102608,0.0,0.0,0.0,0.02418535206102608,0.0,0.0,0.0,0.02418535206102608,0.0,0.0,0.0,0.02418535206102608,0.0,0.0,0.0,0.0,0.0,0.0,0.0,0.0,0.0,0.0,0.0,0.6354706417390674,0.0,0.0,0.0,0.30997525801452813
0.02418535206102608,0.0,0.0,0.0,0.02418535206102608,0.0,0.0,0.0,0.02418535206102608,0.0,0.0,0.0,0.02418535206102608,0.0,0.0,0.0,0.02418535206102608,0.0,0.0,0.0,0.02418535206102608,0.0,0.0,0.0,0.4176271612151797,0.0,0.0,0.0,0.4176271612151797,0.0,0.0,0.0,0.4176271612151797,0.0,0.0,0.0,0.4176271612151797,0.0,0.0,0.0,0.4176271612151797,0.0,0.0,0.0,0.4176271612151797,0.0,0.0,0.0,0.0,0.0,0.0,0.0,0.0,0.0,0.0,0.0,0.30997525801452813,0.0,0.0,0.0,0.6354706417390674,0.0,0.0,0.0
0.0,0.02418535206102608,0.0,0.0,0.0,0.02418535206102608,0.0,0.0,0.0,0.02418535206102608,0.0,0.0,0.0,0.02418535206102608,0.0,0.0,0.0,0.02418535206102608,0.0,0.0,0.0,0.02418535206102608,0.0,0.0,0.0,0.4176271612151797,0.0,0.0,0.0,0.4176271612151797,0.0,0.0,0.0,0.4176271612151797,0.0,0.0,0.0,0.4176271612151797,0.0,0.0,0.0,0.4176271612151797,0.0,0.0,0.0,0.4176271612151797,0.0,0.0,0.0,0.0,0.0,0.0,0.0,0.0,0.0,0.0,0.0,0.30997525801452813,0.0,0.0,0.0,0.6354706417390674,0.0,0.0
0.0,0.0,0.02418535206102608,0.0,0.0,0.0,0.02418535206102608,0.0,0.0,0.0,0.02418535206102608,0.0,0.0,0.0,0.02418535206102608,0.0,0.0,0.0,0.02418535206102608,0.0,0.0,0.0,0.02418535206102608,0.0,0.0,0.0,0.4176271612151797,0.0,0.0,0.0,0.4176271612151797,0.0,0.0,0.0,0.4176271612151797,0.0,0.0,0.0,0.4176271612151797,0.0,0.0,0.0,0.4176271612151797,0.0,0.0,0.0,0.4176271612151797,0.0,0.0,0.0,0.0,0.0,0.0,0.0,0.0,0.0,0.0,0.0,0.30997525801452813,0.0,0.0,0.0,0.6354706417390674,0.0
0.0,0.0,0.0,0.02418535206102608,0.0,0.0,0.0,0.02418535206102608,0.0,0.0,0.0,0.02418535206102608,0.0,0.0,0.0,0.02418535206102608,0.0,0.0,0.0,0.02418535206102608,0.0,0.0,0.0,0.02418535206102608,0.0,0.0,0.0,0.4176271612151797,0.0,0.0,0.0,0.4176271612151797,0.0,0.0,0.0,0.4176271612151797,0.0,0.0,0.0,0.4176271612151797,0.0,0.0,0.0,0.4176271612151797,0.0,0.0,0.0,0.4176271612151797,0.0,0.0,0.0,0.0,0.0,0.0,0.0,0.0,0.0,0.0,0.0,0.30997525801452813,0.0,0.0,0.0,0.6354706417390674
0.0,0.0,0.0,0.0,0.0,0.0,0.0,0.0,0.0,0.0,0.0,0.0,0.0,0.0,0.0,0.0,0.0,0.0,0.0,0.0,0.0,0.0,0.0,0.0,0.0,0.0,0.0,0.0,0.0,0.0,0.0,0.0,0.0,0.0,0.0,0.0,0.0,0.0,0.0,0.0,0.0,0.0,0.0,0.0,0.0,0.0,0.0,0.0,0.0,0.0,0.0,0.0,0.0,0.0,0.0,0.0,0.0,0.0,0.0,0.0,0.0,0.0,0.0,0.0
0.0,0.0,0.0,0.0,0.0,0.0,0.0,0.0,0.0,0.0,0.0,0.0,0.0,0.0,0.0,0.0,0.0,0.0,0.0,0.0,0.0,0.0,0.0,0.0,0.0,0.0,0.0,0.0,0.0,0.0,0.0,0.0,0.0,0.0,0.0,0.0,0.0,0.0,0.0,0.0,0.0,0.0,0.0,0.0,0.0,0.0,0.0,0.0,0.0,0.0,0.0,0.0,0.0,0.0,0.0,0.0,0.0,0.0,0.0,0.0,0.0,0.0,0.0,0.0
0.0,0.0,0.0,0.0,0.0,0.0,0.0,0.0,0.0,0.0,0.0,0.0,0.0,0.0,0.0,0.0,0.0,0.0,0.0,0.0,0.0,0.0,0.0,0.0,0.0,0.0,0.0,0.0,0.0,0.0,0.0,0.0,0.0,0.0,0.0,0.0,0.0,0.0,0.0,0.0,0.0,0.0,0.0,0.0,0.0,0.0,0.0,0.0,0.0,0.0,0.0,0.0,0.0,0.0,0.0,0.0,0.0,0.0,0.0,0.0,0.0,0.0,0.0,0.0
0.0,0.0,0.0,0.0,0.0,0.0,0.0,0.0,0.0,0.0,0.0,0.0,0.0,0.0,0.0,0.0,0.0,0.0,0.0,0.0,0.0,0.0,0.0,0.0,0.0,0.0,0.0,0.0,0.0,0.0,0.0,0.0,0.0,0.0,0.0,0.0,0.0,0.0,0.0,0.0,0.0,0.0,0.0,0.0,0.0,0.0,0.0,0.0,0.0,0.0,0.0,0.0,0.0,0.0,0.0,0.0,0.0,0.0,0.0,0.0,0.0,0.0,0.0,0.0
0.0,0.0,0.0,0.0,0.0,0.0,0.0,0.0,0.0,0.0,0.0,0.0,0.0,0.0,0.0,0.0,0.0,0.0,0.0,0.0,0.0,0.0,0.0,0.0,0.0,0.0,0.0,0.0,0.0,0.0,0.0,0.0,0.0,0.0,0.0,0.0,0.0,0.0,0.0,0.0,0.0,0.0,0.0,0.0,0.0,0.0,0.0,0.0,0.0,0.0,0.0,0.0,0.0,0.0,0.0,0.0,0.0,0.0,0.0,0.0,0.0,0.0,0.0,0.0
0.0,0.0,0.0,0.0,0.0,0.0,0.0,0.0,0.0,0.0,0.0,0.0,0.0,0.0,0.0,0.0,0.0,0.0,0.0,0.0,0.0,0.0,0.0,0.0,0.0,0.0,0.0,0.0,0.0,0.0,0.0,0.0,0.0,0.0,0.0,0.0,0.0,0.0,0.0,0.0,0.0,0.0,0.0,0.0,0.0,0.0,0.0,0.0,0.0,0.0,0.0,0.0,0.0,0.0,0.0,0.0,0.0,0.0,0.0,0.0,0.0,0.0,0.0,0.0
0.0,0.0,0.0,0.0,0.0,0.0,0.0,0.0,0.0,0.0,0.0,0.0,0.0,0.0,0.0,0.0,0.0,0.0,0.0,0.0,0.0,0.0,0.0,0.0,0.0,0.0,0.0,0.0,0.0,0.0,0.0,0.0,0.0,0.0,0.0,0.0,0.0,0.0,0.0,0.0,0.0,0.0,0.0,0.0,0.0,0.0,0.0,0.0,0.0,0.0,0.0,0.0,0.0,0.0,0.0,0.0,0.0,0.0,0.0,0.0,0.0,0.0,0.0,0.0
0.0,0.0,0.0,0.0,0.0,0.0,0.0,0.0,0.0,0.0,0.0,0.0,0.0,0.0,0.0,0.0,0.0,0.0,0.0,0.0,0.0,0.0,0.0,0.0,0.0,0.0,0.0,0.0,0.0,0.0,0.0,0.0,0.0,0.0,0.0,0.0,0.0,0.0,0.0,0.0,0.0,0.0,0.0,0.0,0.0,0.0,0.0,0.0,0.0,0.0,0.0,0.0,0.0,0.0,0.0,0.0,0.0,0.0,0.0,0.0,0.0,0.0,0.0,0.0
